date,group,home,away,status,score,p_home_win,p_draw,p_away_win,xg_home,xg_away,most_likely_score
2026-06-11,A,Mexico,South Africa,played,2-0,0.7898,0.1605,0.0498,2.22,0.40,2-0
2026-06-11,A,South Korea,Czech Republic,played,2-1,0.5298,0.2455,0.2248,1.78,1.08,1-1
2026-06-12,B,Canada,Bosnia and Herzegovina,played,1-1,0.6939,0.1977,0.1085,2.12,0.72,2-0
2026-06-12,D,United States,Paraguay,played,4-1,0.5302,0.2473,0.2225,1.76,1.06,1-1
2026-06-13,B,Qatar,Switzerland,played,1-1,0.0203,0.0718,0.9078,0.43,3.38,0-3
2026-06-13,C,Brazil,Morocco,played,1-1,0.4304,0.2867,0.2829,1.35,1.05,1-1
2026-06-13,C,Haiti,Scotland,played,0-1,0.253,0.2666,0.4804,1.06,1.56,1-1
2026-06-13,D,Australia,Turkey,played,2-0,0.35,0.3015,0.3484,1.13,1.13,1-1
2026-06-14,F,Sweden,Tunisia,played,5-1,0.6034,0.2223,0.1744,2.00,0.99,1-1
2026-06-14,F,Netherlands,Japan,played,2-2,0.409,0.2645,0.3265,1.49,1.31,1-1
2026-06-14,E,Germany,Curaçao,played,7-1,0.895,0.0794,0.0257,3.33,0.50,3-0
2026-06-14,E,Ivory Coast,Ecuador,played,1-0,0.2664,0.3002,0.4334,0.94,1.27,1-1
2026-06-15,G,Belgium,Egypt,played,1-1,0.5187,0.2581,0.2232,1.65,1.00,1-1
2026-06-15,G,Iran,New Zealand,played,2-2,0.6305,0.2196,0.1499,1.99,0.86,2-0
2026-06-15,H,Spain,Cape Verde,played,0-0,0.8153,0.1406,0.044,2.43,0.42,2-0
2026-06-15,H,Saudi Arabia,Uruguay,played,1-1,0.1982,0.2897,0.512,0.76,1.39,0-1
2026-06-16,J,Austria,Jordan,played,3-1,0.607,0.2249,0.1681,1.96,0.94,1-1
2026-06-16,J,Argentina,Algeria,played,3-0,0.6678,0.2124,0.1198,1.99,0.72,2-0
2026-06-16,I,France,Senegal,played,3-1,0.6466,0.215,0.1384,2.01,0.82,2-0
2026-06-16,I,Iraq,Norway,played,1-4,0.0926,0.1892,0.7182,0.64,2.15,0-2
2026-06-17,K,Portugal,DR Congo,played,1-1,0.6354,0.2263,0.1383,1.89,0.76,1-0
2026-06-17,K,Uzbekistan,Colombia,played,1-3,0.0836,0.1724,0.744,0.65,2.32,0-2
2026-06-17,L,England,Croatia,played,4-2,0.6554,0.1991,0.1455,2.23,0.97,2-0
2026-06-17,L,Ghana,Panama,played,1-0,0.2563,0.293,0.4508,0.94,1.33,1-1
2026-06-18,A,Czech Republic,South Africa,played,1-1,0.4564,0.2748,0.2688,1.47,1.07,1-1
2026-06-18,A,Mexico,South Korea,played,1-0,0.706,0.2019,0.092,2.00,0.58,2-0
2026-06-18,B,Switzerland,Bosnia and Herzegovina,played,4-1,0.7939,0.138,0.0681,2.74,0.71,2-0
2026-06-18,B,Canada,Qatar,played,6-0,0.8814,0.0895,0.0291,3.15,0.49,3-0
2026-06-19,D,Turkey,Paraguay,played,0-1,0.3684,0.2991,0.3325,1.18,1.11,1-1
2026-06-19,C,Scotland,Morocco,played,0-1,0.1988,0.2458,0.5554,0.97,1.77,1-1
2026-06-19,C,Brazil,Haiti,played,3-0,0.8563,0.1084,0.0353,2.85,0.47,2-0
2026-06-19,D,United States,Australia,played,2-0,0.5266,0.2474,0.2261,1.76,1.08,1-1
2026-06-20,F,Netherlands,Sweden,played,5-1,0.6527,0.197,0.1503,2.28,1.02,2-1
2026-06-20,F,Tunisia,Japan,played,0-4,0.1113,0.19,0.6987,0.78,2.23,0-2
2026-06-20,E,Germany,Ivory Coast,played,2-1,0.6197,0.2206,0.1597,1.99,0.91,2-0
2026-06-20,E,Ecuador,Curaçao,played,0-0,0.7374,0.1876,0.075,2.08,0.51,2-0
2026-06-21,G,Belgium,Iran,played,0-0,0.4864,0.2676,0.246,1.55,1.03,1-1
2026-06-21,G,New Zealand,Egypt,played,1-3,0.2568,0.2413,0.5019,1.25,1.82,1-1
2026-06-21,H,Spain,Saudi Arabia,played,4-0,0.8227,0.1429,0.0344,2.29,0.31,2-0
2026-06-21,H,Uruguay,Cape Verde,played,2-2,0.6671,0.2183,0.1146,1.91,0.66,1-0
2026-06-22,I,France,Iraq,played,3-0,0.9017,0.0796,0.0187,3.10,0.34,3-0
2026-06-22,I,Norway,Senegal,played,3-2,0.5453,0.2286,0.2261,1.97,1.21,1-1
2026-06-22,J,Argentina,Austria,played,2-0,0.6012,0.216,0.1827,2.09,1.08,1-1
2026-06-22,J,Jordan,Algeria,played,1-2,0.2139,0.2468,0.5393,1.03,1.76,1-1
2026-06-23,K,Portugal,Uzbekistan,played,5-0,0.8112,0.1286,0.0601,2.83,0.68,2-0
2026-06-23,K,Colombia,DR Congo,played,1-0,0.6386,0.2347,0.1267,1.78,0.66,1-0
2026-06-23,L,England,Ghana,played,0-0,0.7746,0.1732,0.0522,2.10,0.38,2-0
2026-06-23,L,Panama,Croatia,played,0-1,0.2476,0.2674,0.485,1.04,1.55,1-1
2026-06-24,C,Morocco,Haiti,played,4-2,0.7973,0.1436,0.0591,2.55,0.57,2-0
2026-06-24,B,Bosnia and Herzegovina,Qatar,played,3-1,0.6299,0.2262,0.1438,1.90,0.79,1-0
2026-06-24,C,Scotland,Brazil,played,0-3,0.1156,0.2092,0.6751,0.71,2.01,0-2
2026-06-24,A,South Africa,South Korea,played,1-0,0.2434,0.2768,0.4797,0.98,1.47,1-1
2026-06-24,A,Mexico,Czech Republic,played,3-0,0.8437,0.1212,0.0351,2.61,0.40,2-0
2026-06-24,B,Canada,Switzerland,played,1-2,0.2433,0.2714,0.4853,1.00,1.52,1-1
2026-06-25,D,United States,Turkey,played,2-3,0.4538,0.2543,0.292,1.65,1.28,1-1
2026-06-25,D,Paraguay,Australia,played,0-0,0.3973,0.3043,0.2984,1.20,1.00,1-1
2026-06-25,E,Curaçao,Ivory Coast,played,0-2,0.1241,0.2304,0.6455,0.66,1.82,0-1
2026-06-25,E,Ecuador,Germany,played,2-1,0.3136,0.2972,0.3891,1.07,1.23,1-1
2026-06-25,F,Japan,Sweden,played,1-1,0.6049,0.2065,0.1886,2.23,1.19,2-1
2026-06-25,F,Tunisia,Netherlands,played,1-3,0.0945,0.1748,0.7306,0.73,2.35,0-2
2026-06-26,I,Senegal,Iraq,played,5-0,0.6696,0.213,0.1173,1.98,0.70,2-0
2026-06-26,I,Norway,France,played,1-4,0.1138,0.1806,0.7055,0.86,2.37,0-2
2026-06-26,H,Uruguay,Spain,played,0-1,0.1584,0.2479,0.5937,0.77,1.71,0-1
2026-06-26,G,New Zealand,Belgium,played,1-5,0.0892,0.1604,0.7504,0.78,2.54,0-2
2026-06-26,G,Egypt,Iran,played,1-1,0.3518,0.307,0.3413,1.11,1.08,1-1
2026-06-26,H,Cape Verde,Saudi Arabia,played,0-0,0.3288,0.3102,0.3611,1.04,1.11,1-1
2026-06-27,L,Panama,England,played,0-2,0.0913,0.185,0.7237,0.65,2.20,0-2
2026-06-27,J,Algeria,Austria,played,3-3,0.292,0.2586,0.4495,1.25,1.60,1-1
2026-06-27,J,Jordan,Argentina,played,1-3,0.0289,0.0987,0.8724,0.42,2.93,0-2
2026-06-27,K,Colombia,Portugal,played,0-0,0.3889,0.3225,0.2886,1.09,0.90,0-0
2026-06-27,K,DR Congo,Uzbekistan,played,3-1,0.5057,0.2726,0.2217,1.52,0.92,1-1
2026-06-27,L,Croatia,Ghana,played,2-1,0.5785,0.2415,0.18,1.80,0.90,1-1
