run_at,data_through,n_sims,group,team,exp_points,exp_gd,p_win_group,p_runner_up,p_third,p_fourth,p_third_advance,p_R32,p_R16,p_QF,p_SF,p_final,p_champion
2026-06-11T23:35:00,2026-06-10,100000,H,Spain,7.2997,5.3413,0.7459,0.2063,0.0404,0.0074,0.0363,0.9884,0.7254,0.5602,0.4205,0.3105,0.2033
2026-06-11T23:35:00,2026-06-10,100000,J,Argentina,6.8908,4.2856,0.7101,0.2039,0.0684,0.0176,0.0602,0.9742,0.6357,0.4961,0.3509,0.2534,0.1623
2026-06-11T23:35:00,2026-06-10,100000,L,England,6.5055,3.569,0.6138,0.2557,0.1042,0.0264,0.0896,0.9591,0.6618,0.3676,0.2298,0.127,0.0718
2026-06-11T23:35:00,2026-06-10,100000,I,France,6.0547,2.9379,0.5528,0.2607,0.133,0.0536,0.1126,0.9261,0.6401,0.4276,0.2554,0.1314,0.0705
2026-06-11T23:35:00,2026-06-10,100000,K,Colombia,5.7119,2.3124,0.4502,0.3421,0.149,0.0587,0.1206,0.9129,0.5893,0.3247,0.1833,0.106,0.0546
2026-06-11T23:35:00,2026-06-10,100000,C,Brazil,6.2794,3.3485,0.5666,0.286,0.1147,0.0327,0.0983,0.9508,0.6033,0.3696,0.215,0.0964,0.0508
2026-06-11T23:35:00,2026-06-10,100000,K,Portugal,5.5804,2.1931,0.4228,0.3452,0.162,0.07,0.1308,0.8989,0.5645,0.3,0.1631,0.0888,0.0419
2026-06-11T23:35:00,2026-06-10,100000,E,Ecuador,5.8055,2.7957,0.4336,0.3535,0.1792,0.0338,0.1539,0.9409,0.57,0.3044,0.1707,0.0814,0.0384
2026-06-11T23:35:00,2026-06-10,100000,A,Mexico,7.1217,4.7601,0.7479,0.1868,0.0538,0.0114,0.0481,0.9829,0.6811,0.4104,0.1987,0.0855,0.0372
2026-06-11T23:35:00,2026-06-10,100000,G,Belgium,5.8604,2.5851,0.5347,0.2628,0.1386,0.0638,0.1157,0.9132,0.5812,0.3205,0.1432,0.0761,0.0318
2026-06-11T23:35:00,2026-06-10,100000,F,Netherlands,5.8551,2.6284,0.4716,0.3342,0.1421,0.0521,0.1168,0.9226,0.5069,0.2965,0.1529,0.0641,0.0271
2026-06-11T23:35:00,2026-06-10,100000,F,Japan,5.558,2.1447,0.4024,0.3627,0.1693,0.0656,0.136,0.9011,0.4796,0.2724,0.134,0.059,0.0254
2026-06-11T23:35:00,2026-06-10,100000,H,Uruguay,5.2671,1.8986,0.2117,0.5704,0.1708,0.0471,0.1305,0.9126,0.4168,0.233,0.1215,0.0572,0.0233
2026-06-11T23:35:00,2026-06-10,100000,E,Germany,5.7878,2.7581,0.4272,0.3544,0.1797,0.0387,0.1534,0.935,0.5291,0.2637,0.1315,0.0538,0.0232
2026-06-11T23:35:00,2026-06-10,100000,I,Norway,4.8332,0.9683,0.2606,0.3776,0.255,0.1068,0.1983,0.8365,0.4862,0.2589,0.1269,0.0532,0.0215
2026-06-11T23:35:00,2026-06-10,100000,C,Morocco,5.1705,1.6552,0.3078,0.3972,0.2187,0.0762,0.1734,0.8786,0.42,0.2309,0.1085,0.0474,0.0191
2026-06-11T23:35:00,2026-06-10,100000,B,Switzerland,6.0973,3.2312,0.4286,0.4405,0.1057,0.0251,0.0867,0.9559,0.5911,0.2496,0.1114,0.0462,0.0172
2026-06-11T23:35:00,2026-06-10,100000,D,Turkey,4.6012,0.6964,0.3278,0.2683,0.2209,0.183,0.1712,0.7672,0.4295,0.1961,0.0772,0.0336,0.0114
2026-06-11T23:35:00,2026-06-10,100000,D,Paraguay,4.125,0.0395,0.2461,0.2594,0.2545,0.24,0.1921,0.6976,0.3888,0.1664,0.0638,0.0243,0.0082
2026-06-11T23:35:00,2026-06-10,100000,L,Croatia,4.7682,1.0321,0.2323,0.3912,0.2813,0.0951,0.2187,0.8423,0.395,0.15,0.0623,0.023,0.0078
2026-06-11T23:35:00,2026-06-10,100000,B,Canada,6.5276,3.9755,0.5306,0.3793,0.0742,0.0159,0.0627,0.9725,0.5684,0.264,0.0783,0.0247,0.0074
2026-06-11T23:35:00,2026-06-10,100000,A,South Korea,4.3275,0.258,0.1544,0.4201,0.2894,0.136,0.2004,0.7749,0.3984,0.1578,0.063,0.021,0.0064
2026-06-11T23:35:00,2026-06-10,100000,G,Iran,4.4406,0.4891,0.2434,0.3301,0.2672,0.1593,0.1992,0.7728,0.3816,0.1497,0.0532,0.0196,0.0063
2026-06-11T23:35:00,2026-06-10,100000,D,United States,4.0971,-0.0338,0.2482,0.2493,0.252,0.2505,0.1918,0.6893,0.3622,0.1424,0.0495,0.018,0.0058
2026-06-11T23:35:00,2026-06-10,100000,J,Austria,4.0299,-0.25,0.1499,0.3559,0.3048,0.1894,0.2107,0.7165,0.2566,0.1127,0.0451,0.0174,0.0055
2026-06-11T23:35:00,2026-06-10,100000,I,Senegal,3.7786,-0.492,0.149,0.2622,0.3679,0.2209,0.2616,0.6728,0.2997,0.1234,0.0443,0.0144,0.0045
2026-06-11T23:35:00,2026-06-10,100000,D,Australia,3.573,-0.7021,0.1778,0.223,0.2726,0.3265,0.1991,0.6,0.2937,0.1108,0.0394,0.0131,0.0042
2026-06-11T23:35:00,2026-06-10,100000,J,Algeria,3.6018,-0.7915,0.1085,0.3029,0.3478,0.2408,0.2319,0.6433,0.2131,0.087,0.0303,0.0108,0.0032
2026-06-11T23:35:00,2026-06-10,100000,C,Scotland,3.3944,-1.1418,0.1001,0.2314,0.4125,0.256,0.2731,0.6046,0.2265,0.092,0.0321,0.0077,0.002
2026-06-11T23:35:00,2026-06-10,100000,L,Panama,3.8457,-0.4389,0.135,0.2822,0.3968,0.1861,0.2793,0.6965,0.2619,0.0767,0.0242,0.0074,0.0019
2026-06-11T23:35:00,2026-06-10,100000,G,Egypt,3.564,-0.7273,0.1514,0.2495,0.3045,0.2947,0.2096,0.6104,0.236,0.0746,0.0227,0.0061,0.0015
2026-06-11T23:35:00,2026-06-10,100000,E,Ivory Coast,3.7528,-0.5516,0.1279,0.2443,0.4467,0.1811,0.306,0.6782,0.2226,0.0693,0.0197,0.0046,0.0012
2026-06-11T23:35:00,2026-06-10,100000,A,Czech Republic,3.432,-1.216,0.0794,0.2863,0.3964,0.2379,0.2538,0.6194,0.2394,0.072,0.0177,0.0041,0.0009
2026-06-11T23:35:00,2026-06-10,100000,F,Sweden,2.9415,-1.9012,0.0829,0.1821,0.3695,0.3656,0.2347,0.4996,0.1522,0.0475,0.0132,0.0031,0.0009
2026-06-11T23:35:00,2026-06-10,100000,K,Uzbekistan,2.7187,-2.085,0.0682,0.1642,0.3544,0.4132,0.2163,0.4487,0.1484,0.0382,0.0115,0.0032,0.0007
2026-06-11T23:35:00,2026-06-10,100000,K,DR Congo,2.5535,-2.4205,0.0588,0.1485,0.3346,0.4581,0.202,0.4093,0.1201,0.0254,0.0064,0.0015,0.0003
2026-06-11T23:35:00,2026-06-10,100000,J,Jordan,2.147,-3.244,0.0315,0.1373,0.279,0.5522,0.1558,0.3246,0.0751,0.0219,0.005,0.0011,0.0002
2026-06-11T23:35:00,2026-06-10,100000,H,Saudi Arabia,2.563,-2.6691,0.0294,0.1467,0.4682,0.3557,0.2489,0.425,0.0833,0.0204,0.0038,0.0007,0.0001
2026-06-11T23:35:00,2026-06-10,100000,G,New Zealand,2.5992,-2.3469,0.0705,0.1576,0.2897,0.4821,0.185,0.4131,0.11,0.0244,0.0049,0.0008,0.0001
2026-06-11T23:35:00,2026-06-10,100000,F,Tunisia,2.2829,-2.8719,0.0431,0.121,0.3191,0.5168,0.1918,0.3558,0.0833,0.0207,0.0045,0.0008,0.0001
2026-06-11T23:35:00,2026-06-10,100000,A,South Africa,1.8342,-3.8021,0.0183,0.1067,0.2604,0.6146,0.1309,0.2559,0.0606,0.0118,0.0015,0.0002,0.0
2026-06-11T23:35:00,2026-06-10,100000,I,Iraq,1.9709,-3.4142,0.0377,0.0995,0.2441,0.6188,0.1417,0.2788,0.071,0.0166,0.0034,0.0006,0.0
2026-06-11T23:35:00,2026-06-10,100000,C,Haiti,1.8035,-3.8618,0.0254,0.0854,0.2541,0.6351,0.134,0.2449,0.0445,0.0101,0.0018,0.0002,0.0
2026-06-11T23:35:00,2026-06-10,100000,B,Bosnia and Herzegovina,2.3364,-3.4145,0.0252,0.1051,0.4634,0.4062,0.2264,0.3567,0.0698,0.0137,0.0017,0.0002,0.0
2026-06-11T23:35:00,2026-06-10,100000,H,Cape Verde,1.7529,-4.5708,0.013,0.0766,0.3207,0.5898,0.1435,0.2331,0.0342,0.0062,0.001,0.0002,0.0
2026-06-11T23:35:00,2026-06-10,100000,L,Ghana,1.5911,-4.1623,0.0189,0.0709,0.2177,0.6925,0.114,0.2038,0.0326,0.0045,0.0006,0.0001,0.0
2026-06-11T23:35:00,2026-06-10,100000,B,Qatar,1.8364,-3.7923,0.0156,0.075,0.3567,0.5527,0.1601,0.2507,0.0391,0.0051,0.0004,0.0,0.0
2026-06-11T23:35:00,2026-06-10,100000,E,Curaçao,1.3433,-5.0023,0.0114,0.0478,0.1944,0.7464,0.0926,0.1517,0.0201,0.0025,0.0002,0.0,0.0
2026-06-12T05:50:52,2026-06-11,100000,J,Argentina,6.9344,4.3807,0.7165,0.202,0.0645,0.017,0.0571,0.9756,0.6882,0.551,0.4099,0.2993,0.1975
2026-06-12T05:50:52,2026-06-11,100000,H,Spain,7.2426,5.3402,0.7354,0.2147,0.0426,0.0072,0.0388,0.9889,0.71,0.5468,0.4152,0.2947,0.1897
2026-06-12T05:50:52,2026-06-11,100000,L,England,6.6682,3.7985,0.6544,0.2342,0.0881,0.0232,0.076,0.9646,0.6757,0.392,0.2473,0.1396,0.0798
2026-06-12T05:50:52,2026-06-11,100000,I,France,6.2256,3.1885,0.5884,0.2486,0.1159,0.0471,0.0983,0.9353,0.6481,0.4264,0.2422,0.1248,0.0659
2026-06-12T05:50:52,2026-06-11,100000,C,Brazil,6.2264,3.191,0.5604,0.2822,0.1222,0.0352,0.1044,0.947,0.6152,0.393,0.2331,0.1127,0.0593
2026-06-12T05:50:52,2026-06-11,100000,K,Colombia,5.5778,2.1488,0.4435,0.3196,0.1628,0.0741,0.1328,0.896,0.5909,0.3181,0.1714,0.0938,0.0451
2026-06-12T05:50:52,2026-06-11,100000,E,Ecuador,5.7953,2.6304,0.4328,0.3597,0.1662,0.0413,0.1397,0.9322,0.5766,0.3075,0.1716,0.086,0.0417
2026-06-12T05:50:52,2026-06-11,100000,A,Mexico,7.4518,4.662,0.7389,0.2213,0.0382,0.0015,0.037,0.9972,0.7017,0.4086,0.2027,0.0875,0.0376
2026-06-12T05:50:52,2026-06-11,100000,K,Portugal,5.3644,1.8494,0.3943,0.3399,0.1791,0.0867,0.1442,0.8784,0.5664,0.293,0.1538,0.0806,0.0374
2026-06-12T05:50:52,2026-06-11,100000,F,Netherlands,5.6391,2.27,0.4429,0.3314,0.1581,0.0676,0.1278,0.9022,0.4961,0.2897,0.1479,0.0639,0.0262
2026-06-12T05:50:52,2026-06-11,100000,E,Germany,5.7612,2.6175,0.4327,0.3444,0.1794,0.0434,0.1513,0.9284,0.5492,0.2816,0.1381,0.0592,0.026
2026-06-12T05:50:52,2026-06-11,100000,F,Japan,5.6113,2.2055,0.424,0.348,0.1585,0.0695,0.1282,0.9002,0.4695,0.265,0.1317,0.0587,0.0248
2026-06-12T05:50:52,2026-06-11,100000,G,Belgium,5.4606,1.9452,0.4538,0.2824,0.1706,0.0931,0.1379,0.8741,0.5562,0.2946,0.1277,0.062,0.0242
2026-06-12T05:50:52,2026-06-11,100000,C,Morocco,5.1739,1.6254,0.302,0.4061,0.2206,0.0713,0.176,0.8841,0.4373,0.2383,0.1153,0.0549,0.0222
2026-06-12T05:50:52,2026-06-11,100000,I,Norway,4.5763,0.5536,0.2283,0.3701,0.2684,0.1332,0.1988,0.7971,0.4499,0.2283,0.1048,0.0428,0.0164
2026-06-12T05:50:52,2026-06-11,100000,B,Switzerland,6.0677,3.3386,0.4282,0.4374,0.1063,0.0281,0.0878,0.9534,0.5768,0.2478,0.1108,0.0449,0.0164
2026-06-12T05:50:52,2026-06-11,100000,H,Uruguay,5.2164,1.717,0.2208,0.5466,0.1812,0.0514,0.1358,0.9032,0.3563,0.1825,0.0895,0.0373,0.0131
2026-06-12T05:50:52,2026-06-11,100000,D,Turkey,4.7032,0.8494,0.3429,0.2692,0.2157,0.1723,0.1688,0.7809,0.4417,0.2017,0.08,0.0327,0.0106
2026-06-12T05:50:52,2026-06-11,100000,B,Canada,6.4736,3.7714,0.5261,0.3724,0.0824,0.019,0.0695,0.968,0.5369,0.2595,0.0762,0.0248,0.0077
2026-06-12T05:50:52,2026-06-11,100000,A,South Korea,5.8654,1.0889,0.24,0.6363,0.097,0.0268,0.0796,0.9558,0.5133,0.1925,0.0779,0.0251,0.0069
2026-06-12T05:50:52,2026-06-11,100000,G,Iran,4.7293,0.8488,0.3052,0.3135,0.2363,0.1449,0.18,0.7987,0.4098,0.1659,0.0572,0.02,0.0066
2026-06-12T05:50:52,2026-06-11,100000,L,Croatia,4.6234,0.7298,0.2007,0.4049,0.2924,0.1021,0.2218,0.8273,0.3579,0.1335,0.0561,0.0207,0.0065
2026-06-12T05:50:52,2026-06-11,100000,D,Paraguay,3.8706,-0.3034,0.2133,0.2458,0.2641,0.2767,0.1942,0.6534,0.3436,0.1425,0.0526,0.0185,0.0062
2026-06-12T05:50:52,2026-06-11,100000,D,United States,4.1815,0.0712,0.2582,0.2544,0.248,0.2394,0.1901,0.7027,0.3737,0.1534,0.0541,0.0187,0.0059
2026-06-12T05:50:52,2026-06-11,100000,J,Austria,4.0602,-0.1549,0.1522,0.3574,0.311,0.1794,0.2147,0.7243,0.2702,0.1194,0.0476,0.0179,0.0055
2026-06-12T05:50:52,2026-06-11,100000,I,Senegal,3.724,-0.6617,0.1402,0.2668,0.3654,0.2277,0.254,0.6609,0.302,0.1212,0.0433,0.0143,0.0042
2026-06-12T05:50:52,2026-06-11,100000,D,Australia,3.6556,-0.6172,0.1855,0.2306,0.2722,0.3116,0.1992,0.6153,0.2967,0.1126,0.0375,0.0121,0.0032
2026-06-12T05:50:52,2026-06-11,100000,J,Algeria,3.6068,-0.8133,0.1035,0.3097,0.3484,0.2384,0.2327,0.6459,0.2116,0.0861,0.0319,0.0098,0.0027
2026-06-12T05:50:52,2026-06-11,100000,C,Scotland,3.3974,-1.0521,0.1118,0.2254,0.3875,0.2753,0.259,0.5962,0.2194,0.0895,0.0317,0.0094,0.0027
2026-06-12T05:50:52,2026-06-11,100000,G,Egypt,3.5345,-0.8179,0.1544,0.2352,0.3036,0.3068,0.2129,0.6025,0.2476,0.0803,0.0234,0.0067,0.0018
2026-06-12T05:50:52,2026-06-11,100000,L,Panama,3.7791,-0.5284,0.1252,0.2852,0.3964,0.1932,0.2733,0.6837,0.2582,0.0767,0.0234,0.0067,0.0018
2026-06-12T05:50:52,2026-06-11,100000,E,Ivory Coast,3.5918,-0.7902,0.1191,0.2353,0.431,0.2146,0.2883,0.6427,0.217,0.0659,0.017,0.0042,0.001
2026-06-12T05:50:52,2026-06-11,100000,K,Uzbekistan,2.9737,-1.7029,0.0916,0.1871,0.3461,0.3752,0.2221,0.5008,0.1686,0.0448,0.0143,0.0037,0.001
2026-06-12T05:50:52,2026-06-11,100000,F,Sweden,2.8245,-2.1366,0.0726,0.171,0.3646,0.3918,0.2279,0.4716,0.1323,0.0454,0.0125,0.0031,0.0008
2026-06-12T05:50:52,2026-06-11,100000,A,Czech Republic,2.3302,-1.914,0.018,0.0763,0.6093,0.2964,0.3951,0.4894,0.1674,0.0511,0.0098,0.002,0.0004
2026-06-12T05:50:52,2026-06-11,100000,K,DR Congo,2.6217,-2.2954,0.0706,0.1534,0.3121,0.464,0.1962,0.4202,0.1272,0.0276,0.0075,0.0015,0.0003
2026-06-12T05:50:52,2026-06-11,100000,J,Jordan,2.0829,-3.4125,0.0278,0.1309,0.2761,0.5652,0.1497,0.3084,0.0753,0.0222,0.0057,0.0011,0.0002
2026-06-12T05:50:52,2026-06-11,100000,G,New Zealand,2.7574,-1.9761,0.0865,0.1689,0.2894,0.4552,0.1917,0.4471,0.1305,0.0322,0.0064,0.0011,0.0002
2026-06-12T05:50:52,2026-06-11,100000,F,Tunisia,2.5383,-2.3389,0.0604,0.1495,0.3189,0.4712,0.1951,0.405,0.0907,0.0246,0.0054,0.001,0.0002
2026-06-12T05:50:52,2026-06-11,100000,H,Saudi Arabia,2.5762,-2.5239,0.032,0.1602,0.4421,0.3657,0.234,0.4262,0.0788,0.0183,0.004,0.0007,0.0001
2026-06-12T05:50:52,2026-06-11,100000,I,Iraq,2.0924,-3.0804,0.0431,0.1146,0.2503,0.592,0.1437,0.3014,0.0742,0.0162,0.0034,0.0005,0.0001
2026-06-12T05:50:52,2026-06-11,100000,B,Bosnia and Herzegovina,2.3448,-3.4487,0.0263,0.1073,0.4517,0.4147,0.2219,0.3555,0.0591,0.0126,0.0015,0.0003,0.0001
2026-06-12T05:50:52,2026-06-11,100000,H,Cape Verde,1.8041,-4.5332,0.0118,0.0786,0.334,0.5756,0.1492,0.2395,0.0353,0.0062,0.001,0.0001,0.0
2026-06-12T05:50:52,2026-06-11,100000,A,South Africa,1.4945,-3.8369,0.0032,0.0661,0.2555,0.6753,0.125,0.1943,0.0443,0.0087,0.0014,0.0002,0.0
2026-06-12T05:50:52,2026-06-11,100000,C,Haiti,1.8632,-3.7643,0.0258,0.0863,0.2698,0.6182,0.1481,0.2601,0.0479,0.0107,0.0023,0.0005,0.0
2026-06-12T05:50:52,2026-06-11,100000,L,Ghana,1.6282,-4.0,0.0196,0.0757,0.2232,0.6815,0.1126,0.208,0.0388,0.0056,0.0007,0.0001,0.0
2026-06-12T05:50:52,2026-06-11,100000,B,Qatar,1.9232,-3.6612,0.0194,0.0829,0.3595,0.5382,0.167,0.2693,0.0388,0.0058,0.0006,0.0001,0.0
2026-06-12T05:50:52,2026-06-11,100000,E,Curaçao,1.5266,-4.4577,0.0154,0.0605,0.2234,0.7007,0.111,0.1869,0.027,0.0035,0.0004,0.0001,0.0
2026-06-12T08:39:13,2026-06-11,100000,H,Spain,7.277,5.7285,0.7403,0.2192,0.0362,0.0043,0.0333,0.9928,0.7185,0.5555,0.4168,0.3016,0.1982
2026-06-12T08:39:13,2026-06-11,100000,J,Argentina,6.8894,4.3165,0.7208,0.1956,0.0652,0.0184,0.0579,0.9743,0.6851,0.5356,0.3876,0.2783,0.1813
2026-06-12T08:39:13,2026-06-11,100000,L,England,6.5776,3.7438,0.6308,0.2522,0.095,0.022,0.0825,0.9654,0.6776,0.3919,0.2453,0.1403,0.0804
2026-06-12T08:39:13,2026-06-11,100000,I,France,6.1108,3.0006,0.5608,0.2654,0.1282,0.0456,0.1085,0.9346,0.6482,0.4218,0.251,0.1264,0.0667
2026-06-12T08:39:13,2026-06-11,100000,C,Brazil,6.3374,3.5209,0.576,0.283,0.1123,0.0288,0.0976,0.9566,0.622,0.3846,0.2306,0.1095,0.0571
2026-06-12T08:39:13,2026-06-11,100000,K,Colombia,5.515,2.0755,0.4154,0.352,0.1644,0.0682,0.1328,0.9002,0.5865,0.3056,0.1673,0.0909,0.0436
2026-06-12T08:39:13,2026-06-11,100000,A,Mexico,7.3947,4.5862,0.7368,0.2239,0.0372,0.0021,0.0361,0.9968,0.701,0.4216,0.1935,0.0898,0.038
2026-06-12T08:39:13,2026-06-11,100000,K,Portugal,5.7052,2.3648,0.4574,0.3336,0.15,0.059,0.1234,0.9144,0.6053,0.3131,0.1614,0.0827,0.0377
2026-06-12T08:39:13,2026-06-11,100000,E,Ecuador,5.7622,2.6307,0.4242,0.3647,0.1726,0.0384,0.1444,0.9333,0.5684,0.2978,0.163,0.0785,0.0365
2026-06-12T08:39:13,2026-06-11,100000,G,Belgium,5.8048,2.5438,0.5247,0.2658,0.1413,0.0683,0.1176,0.908,0.6008,0.3299,0.1431,0.0725,0.0282
2026-06-12T08:39:13,2026-06-11,100000,F,Netherlands,5.5219,2.1753,0.4233,0.3401,0.1652,0.0714,0.1341,0.8975,0.4892,0.2867,0.1505,0.0663,0.028
2026-06-12T08:39:13,2026-06-11,100000,F,Japan,5.5584,2.1673,0.431,0.3325,0.1633,0.0733,0.1324,0.8958,0.4737,0.2714,0.1369,0.0621,0.0267
2026-06-12T08:39:13,2026-06-11,100000,C,Morocco,5.2486,1.797,0.3093,0.4192,0.2046,0.067,0.1632,0.8917,0.4484,0.2448,0.1177,0.0541,0.0229
2026-06-12T08:39:13,2026-06-11,100000,E,Germany,5.8947,2.9932,0.4535,0.3527,0.1628,0.031,0.1412,0.9474,0.5401,0.2682,0.1301,0.0515,0.0219
2026-06-12T08:39:13,2026-06-11,100000,B,Switzerland,6.1013,3.4733,0.4223,0.4505,0.1044,0.0228,0.0875,0.9603,0.5914,0.2615,0.1219,0.0528,0.0213
2026-06-12T08:39:13,2026-06-11,100000,I,Norway,4.7631,0.9241,0.26,0.372,0.2561,0.1119,0.1958,0.8278,0.4791,0.2502,0.1163,0.0461,0.019
2026-06-12T08:39:13,2026-06-11,100000,H,Uruguay,5.2726,1.9045,0.2229,0.5562,0.176,0.0449,0.1346,0.9137,0.3693,0.1945,0.1027,0.0442,0.0157
2026-06-12T08:39:13,2026-06-11,100000,D,Turkey,4.7748,0.985,0.3617,0.2656,0.211,0.1616,0.1664,0.7937,0.4589,0.2128,0.089,0.0382,0.0131
2026-06-12T08:39:13,2026-06-11,100000,B,Canada,6.5717,4.0833,0.5382,0.3742,0.0738,0.0138,0.0629,0.9752,0.5528,0.2688,0.0808,0.0261,0.0084
2026-06-12T08:39:13,2026-06-11,100000,D,Paraguay,4.024,-0.0754,0.2381,0.255,0.2568,0.2501,0.1916,0.6847,0.369,0.1551,0.0576,0.0213,0.0071
2026-06-12T08:39:13,2026-06-11,100000,L,Croatia,4.8882,1.2564,0.2432,0.417,0.2572,0.0825,0.2034,0.8637,0.3697,0.1346,0.055,0.0204,0.0067
2026-06-12T08:39:13,2026-06-11,100000,A,South Korea,5.7396,0.9401,0.2402,0.6116,0.1147,0.0334,0.0946,0.9464,0.4875,0.1758,0.0717,0.0226,0.0064
2026-06-12T08:39:13,2026-06-11,100000,G,Iran,4.4828,0.5395,0.2584,0.3238,0.2542,0.1637,0.1905,0.7726,0.3886,0.1514,0.0526,0.018,0.0058
2026-06-12T08:39:13,2026-06-11,100000,J,Austria,3.8492,-0.4615,0.1312,0.3416,0.3204,0.2068,0.2178,0.6906,0.2519,0.1118,0.044,0.0169,0.0054
2026-06-12T08:39:13,2026-06-11,100000,D,United States,3.7346,-0.5236,0.1976,0.2382,0.2655,0.2987,0.1996,0.6354,0.3241,0.1275,0.0452,0.0148,0.0043
2026-06-12T08:39:13,2026-06-11,100000,D,Australia,3.7751,-0.386,0.2026,0.2411,0.2666,0.2897,0.1977,0.6414,0.3192,0.1222,0.0421,0.0135,0.0043
2026-06-12T08:39:13,2026-06-11,100000,I,Senegal,3.7527,-0.5532,0.1449,0.2638,0.3759,0.2155,0.2669,0.6755,0.3024,0.1218,0.0436,0.0139,0.0041
2026-06-12T08:39:13,2026-06-11,100000,J,Algeria,3.6831,-0.6458,0.1148,0.3203,0.3399,0.225,0.2307,0.6657,0.2209,0.0899,0.0316,0.0109,0.0029
2026-06-12T08:39:13,2026-06-11,100000,C,Scotland,3.2256,-1.3902,0.0936,0.2124,0.4091,0.2849,0.2641,0.5701,0.2001,0.0781,0.0259,0.0071,0.0018
2026-06-12T08:39:13,2026-06-11,100000,G,Egypt,3.4115,-0.9753,0.1334,0.2392,0.3116,0.3158,0.2146,0.5872,0.23,0.0702,0.0206,0.0055,0.0017
2026-06-12T08:39:13,2026-06-11,100000,L,Panama,3.4974,-0.9611,0.1066,0.2537,0.4005,0.2392,0.2656,0.6258,0.2228,0.0662,0.0203,0.0058,0.0016
2026-06-12T08:39:13,2026-06-11,100000,E,Ivory Coast,3.5227,-0.9279,0.1094,0.2301,0.446,0.2145,0.2939,0.6335,0.2131,0.0652,0.0176,0.0045,0.0011
2026-06-12T08:39:13,2026-06-11,100000,K,Uzbekistan,2.7674,-1.9417,0.0712,0.1703,0.3556,0.4029,0.2206,0.4622,0.157,0.0403,0.0112,0.0028,0.0006
2026-06-12T08:39:13,2026-06-11,100000,F,Sweden,2.915,-1.9598,0.0823,0.1808,0.361,0.3759,0.2324,0.4955,0.1351,0.0387,0.0098,0.0019,0.0003
2026-06-12T08:39:13,2026-06-11,100000,A,Czech Republic,2.2757,-1.9825,0.0187,0.0789,0.5792,0.3232,0.381,0.4786,0.147,0.0427,0.0077,0.0016,0.0003
2026-06-12T08:39:13,2026-06-11,100000,K,DR Congo,2.4986,-2.4986,0.056,0.1441,0.33,0.47,0.2021,0.4021,0.1158,0.0241,0.0061,0.0013,0.0002
2026-06-12T08:39:13,2026-06-11,100000,F,Tunisia,2.5225,-2.3828,0.0635,0.1467,0.3105,0.4794,0.192,0.4021,0.0959,0.0261,0.0056,0.0013,0.0002
2026-06-12T08:39:13,2026-06-11,100000,J,Jordan,2.171,-3.2092,0.0332,0.1425,0.2745,0.5498,0.1578,0.3336,0.0734,0.0207,0.0048,0.0008,0.0002
2026-06-12T08:39:13,2026-06-11,100000,G,New Zealand,2.7448,-2.1079,0.0835,0.1713,0.293,0.4522,0.1924,0.4472,0.1349,0.0334,0.0072,0.0014,0.0002
2026-06-12T08:39:13,2026-06-11,100000,H,Saudi Arabia,2.5733,-2.5104,0.0288,0.1588,0.4701,0.3423,0.244,0.4316,0.079,0.0179,0.0035,0.0006,0.0001
2026-06-12T08:39:13,2026-06-11,100000,I,Iraq,1.9265,-3.3715,0.0344,0.0988,0.2399,0.6269,0.1384,0.2716,0.0676,0.0162,0.0034,0.0004,0.0001
2026-06-12T08:39:13,2026-06-11,100000,C,Haiti,1.8213,-3.9277,0.0212,0.0854,0.2741,0.6193,0.1483,0.2549,0.0432,0.0095,0.002,0.0004,0.0
2026-06-12T08:39:13,2026-06-11,100000,B,Bosnia and Herzegovina,2.4377,-3.0316,0.028,0.1142,0.4882,0.3696,0.2498,0.3921,0.0699,0.0158,0.0019,0.0002,0.0
2026-06-12T08:39:13,2026-06-11,100000,A,South Africa,1.6684,-3.5438,0.0043,0.0856,0.2689,0.6412,0.1394,0.2292,0.0526,0.011,0.0014,0.0002,0.0
2026-06-12T08:39:13,2026-06-11,100000,L,Ghana,1.7013,-4.039,0.0194,0.0771,0.2472,0.6563,0.1326,0.2291,0.0402,0.0063,0.001,0.0001,0.0
2026-06-12T08:39:13,2026-06-11,100000,E,Curaçao,1.4541,-4.696,0.0128,0.0525,0.2186,0.7161,0.1066,0.1719,0.0235,0.0032,0.0004,0.0,0.0
2026-06-12T08:39:13,2026-06-11,100000,H,Cape Verde,1.6682,-5.1227,0.0079,0.0658,0.3178,0.6084,0.133,0.2068,0.0266,0.0046,0.0006,0.0001,0.0
2026-06-12T08:39:13,2026-06-11,100000,B,Qatar,1.6853,-4.5249,0.0115,0.0611,0.3337,0.5937,0.1466,0.2192,0.0225,0.0031,0.0001,0.0,0.0
2026-06-12T10:05:15,2026-06-11,100000,H,Spain,7.277,5.7285,0.7403,0.2192,0.0362,0.0043,0.0333,0.9928,0.7185,0.5555,0.4168,0.3016,0.1982
2026-06-12T10:05:15,2026-06-11,100000,J,Argentina,6.8894,4.3165,0.7208,0.1956,0.0652,0.0184,0.0579,0.9743,0.6851,0.5356,0.3876,0.2783,0.1813
2026-06-12T10:05:15,2026-06-11,100000,L,England,6.5776,3.7438,0.6308,0.2522,0.095,0.022,0.0825,0.9654,0.6776,0.3919,0.2453,0.1403,0.0804
2026-06-12T10:05:15,2026-06-11,100000,I,France,6.1108,3.0006,0.5608,0.2654,0.1282,0.0456,0.1085,0.9346,0.6482,0.4218,0.251,0.1264,0.0667
2026-06-12T10:05:15,2026-06-11,100000,C,Brazil,6.3374,3.5209,0.576,0.283,0.1123,0.0288,0.0976,0.9566,0.622,0.3846,0.2306,0.1095,0.0571
2026-06-12T10:05:15,2026-06-11,100000,K,Colombia,5.515,2.0755,0.4154,0.352,0.1644,0.0682,0.1328,0.9002,0.5865,0.3056,0.1673,0.0909,0.0436
2026-06-12T10:05:15,2026-06-11,100000,A,Mexico,7.3947,4.5862,0.7368,0.2239,0.0372,0.0021,0.0361,0.9968,0.701,0.4216,0.1935,0.0898,0.038
2026-06-12T10:05:15,2026-06-11,100000,K,Portugal,5.7052,2.3648,0.4574,0.3336,0.15,0.059,0.1234,0.9144,0.6053,0.3131,0.1614,0.0827,0.0377
2026-06-12T10:05:15,2026-06-11,100000,E,Ecuador,5.7622,2.6307,0.4242,0.3647,0.1726,0.0384,0.1444,0.9333,0.5684,0.2978,0.163,0.0785,0.0365
2026-06-12T10:05:15,2026-06-11,100000,G,Belgium,5.8048,2.5438,0.5247,0.2658,0.1413,0.0683,0.1176,0.908,0.6008,0.3299,0.1431,0.0725,0.0282
2026-06-12T10:05:15,2026-06-11,100000,F,Netherlands,5.5219,2.1753,0.4233,0.3401,0.1652,0.0714,0.1341,0.8975,0.4892,0.2867,0.1505,0.0663,0.028
2026-06-12T10:05:15,2026-06-11,100000,F,Japan,5.5584,2.1673,0.431,0.3325,0.1633,0.0733,0.1324,0.8958,0.4737,0.2714,0.1369,0.0621,0.0267
2026-06-12T10:05:15,2026-06-11,100000,C,Morocco,5.2486,1.797,0.3093,0.4192,0.2046,0.067,0.1632,0.8917,0.4484,0.2448,0.1177,0.0541,0.0229
2026-06-12T10:05:15,2026-06-11,100000,E,Germany,5.8947,2.9932,0.4535,0.3527,0.1628,0.031,0.1412,0.9474,0.5401,0.2682,0.1301,0.0515,0.0219
2026-06-12T10:05:15,2026-06-11,100000,B,Switzerland,6.1013,3.4733,0.4223,0.4505,0.1044,0.0228,0.0875,0.9603,0.5914,0.2615,0.1219,0.0528,0.0213
2026-06-12T10:05:15,2026-06-11,100000,I,Norway,4.7631,0.9241,0.26,0.372,0.2561,0.1119,0.1958,0.8278,0.4791,0.2502,0.1163,0.0461,0.019
2026-06-12T10:05:15,2026-06-11,100000,H,Uruguay,5.2726,1.9045,0.2229,0.5562,0.176,0.0449,0.1346,0.9137,0.3693,0.1945,0.1027,0.0442,0.0157
2026-06-12T10:05:15,2026-06-11,100000,D,Turkey,4.7748,0.985,0.3617,0.2656,0.211,0.1616,0.1664,0.7937,0.4589,0.2128,0.089,0.0382,0.0131
2026-06-12T10:05:15,2026-06-11,100000,B,Canada,6.5717,4.0833,0.5382,0.3742,0.0738,0.0138,0.0629,0.9752,0.5528,0.2688,0.0808,0.0261,0.0084
2026-06-12T10:05:15,2026-06-11,100000,D,Paraguay,4.024,-0.0754,0.2381,0.255,0.2568,0.2501,0.1916,0.6847,0.369,0.1551,0.0576,0.0213,0.0071
2026-06-12T10:05:15,2026-06-11,100000,L,Croatia,4.8882,1.2564,0.2432,0.417,0.2572,0.0825,0.2034,0.8637,0.3697,0.1346,0.055,0.0204,0.0067
2026-06-12T10:05:15,2026-06-11,100000,A,South Korea,5.7396,0.9401,0.2402,0.6116,0.1147,0.0334,0.0946,0.9464,0.4875,0.1758,0.0717,0.0226,0.0064
2026-06-12T10:05:15,2026-06-11,100000,G,Iran,4.4828,0.5395,0.2584,0.3238,0.2542,0.1637,0.1905,0.7726,0.3886,0.1514,0.0526,0.018,0.0058
2026-06-12T10:05:15,2026-06-11,100000,J,Austria,3.8492,-0.4615,0.1312,0.3416,0.3204,0.2068,0.2178,0.6906,0.2519,0.1118,0.044,0.0169,0.0054
2026-06-12T10:05:15,2026-06-11,100000,D,United States,3.7346,-0.5236,0.1976,0.2382,0.2655,0.2987,0.1996,0.6354,0.3241,0.1275,0.0452,0.0148,0.0043
2026-06-12T10:05:15,2026-06-11,100000,D,Australia,3.7751,-0.386,0.2026,0.2411,0.2666,0.2897,0.1977,0.6414,0.3192,0.1222,0.0421,0.0135,0.0043
2026-06-12T10:05:15,2026-06-11,100000,I,Senegal,3.7527,-0.5532,0.1449,0.2638,0.3759,0.2155,0.2669,0.6755,0.3024,0.1218,0.0436,0.0139,0.0041
2026-06-12T10:05:15,2026-06-11,100000,J,Algeria,3.6831,-0.6458,0.1148,0.3203,0.3399,0.225,0.2307,0.6657,0.2209,0.0899,0.0316,0.0109,0.0029
2026-06-12T10:05:15,2026-06-11,100000,C,Scotland,3.2256,-1.3902,0.0936,0.2124,0.4091,0.2849,0.2641,0.5701,0.2001,0.0781,0.0259,0.0071,0.0018
2026-06-12T10:05:15,2026-06-11,100000,G,Egypt,3.4115,-0.9753,0.1334,0.2392,0.3116,0.3158,0.2146,0.5872,0.23,0.0702,0.0206,0.0055,0.0017
2026-06-12T10:05:15,2026-06-11,100000,L,Panama,3.4974,-0.9611,0.1066,0.2537,0.4005,0.2392,0.2656,0.6258,0.2228,0.0662,0.0203,0.0058,0.0016
2026-06-12T10:05:15,2026-06-11,100000,E,Ivory Coast,3.5227,-0.9279,0.1094,0.2301,0.446,0.2145,0.2939,0.6335,0.2131,0.0652,0.0176,0.0045,0.0011
2026-06-12T10:05:15,2026-06-11,100000,K,Uzbekistan,2.7674,-1.9417,0.0712,0.1703,0.3556,0.4029,0.2206,0.4622,0.157,0.0403,0.0112,0.0028,0.0006
2026-06-12T10:05:15,2026-06-11,100000,F,Sweden,2.915,-1.9598,0.0823,0.1808,0.361,0.3759,0.2324,0.4955,0.1351,0.0387,0.0098,0.0019,0.0003
2026-06-12T10:05:15,2026-06-11,100000,A,Czech Republic,2.2757,-1.9825,0.0187,0.0789,0.5792,0.3232,0.381,0.4786,0.147,0.0427,0.0077,0.0016,0.0003
2026-06-12T10:05:15,2026-06-11,100000,K,DR Congo,2.4986,-2.4986,0.056,0.1441,0.33,0.47,0.2021,0.4021,0.1158,0.0241,0.0061,0.0013,0.0002
2026-06-12T10:05:15,2026-06-11,100000,F,Tunisia,2.5225,-2.3828,0.0635,0.1467,0.3105,0.4794,0.192,0.4021,0.0959,0.0261,0.0056,0.0013,0.0002
2026-06-12T10:05:15,2026-06-11,100000,J,Jordan,2.171,-3.2092,0.0332,0.1425,0.2745,0.5498,0.1578,0.3336,0.0734,0.0207,0.0048,0.0008,0.0002
2026-06-12T10:05:15,2026-06-11,100000,G,New Zealand,2.7448,-2.1079,0.0835,0.1713,0.293,0.4522,0.1924,0.4472,0.1349,0.0334,0.0072,0.0014,0.0002
2026-06-12T10:05:15,2026-06-11,100000,H,Saudi Arabia,2.5733,-2.5104,0.0288,0.1588,0.4701,0.3423,0.244,0.4316,0.079,0.0179,0.0035,0.0006,0.0001
2026-06-12T10:05:15,2026-06-11,100000,I,Iraq,1.9265,-3.3715,0.0344,0.0988,0.2399,0.6269,0.1384,0.2716,0.0676,0.0162,0.0034,0.0004,0.0001
2026-06-12T10:05:15,2026-06-11,100000,C,Haiti,1.8213,-3.9277,0.0212,0.0854,0.2741,0.6193,0.1483,0.2549,0.0432,0.0095,0.002,0.0004,0.0
2026-06-12T10:05:15,2026-06-11,100000,B,Bosnia and Herzegovina,2.4377,-3.0316,0.028,0.1142,0.4882,0.3696,0.2498,0.3921,0.0699,0.0158,0.0019,0.0002,0.0
2026-06-12T10:05:15,2026-06-11,100000,A,South Africa,1.6684,-3.5438,0.0043,0.0856,0.2689,0.6412,0.1394,0.2292,0.0526,0.011,0.0014,0.0002,0.0
2026-06-12T10:05:15,2026-06-11,100000,L,Ghana,1.7013,-4.039,0.0194,0.0771,0.2472,0.6563,0.1326,0.2291,0.0402,0.0063,0.001,0.0001,0.0
2026-06-12T10:05:15,2026-06-11,100000,E,Curaçao,1.4541,-4.696,0.0128,0.0525,0.2186,0.7161,0.1066,0.1719,0.0235,0.0032,0.0004,0.0,0.0
2026-06-12T10:05:15,2026-06-11,100000,H,Cape Verde,1.6682,-5.1227,0.0079,0.0658,0.3178,0.6084,0.133,0.2068,0.0266,0.0046,0.0006,0.0001,0.0
2026-06-12T10:05:15,2026-06-11,100000,B,Qatar,1.6853,-4.5249,0.0115,0.0611,0.3337,0.5937,0.1466,0.2192,0.0225,0.0031,0.0001,0.0,0.0
2026-06-12T10:15:48,2026-06-11,100000,H,Spain,7.277,5.7285,0.7403,0.2192,0.0362,0.0043,0.0333,0.9928,0.7185,0.5555,0.4168,0.3016,0.1982
2026-06-12T10:15:48,2026-06-11,100000,J,Argentina,6.8894,4.3165,0.7208,0.1956,0.0652,0.0184,0.0579,0.9743,0.6851,0.5356,0.3876,0.2783,0.1813
2026-06-12T10:15:48,2026-06-11,100000,L,England,6.5776,3.7438,0.6308,0.2522,0.095,0.022,0.0825,0.9654,0.6776,0.3919,0.2453,0.1403,0.0804
2026-06-12T10:15:48,2026-06-11,100000,I,France,6.1108,3.0006,0.5608,0.2654,0.1282,0.0456,0.1085,0.9346,0.6482,0.4218,0.251,0.1264,0.0667
2026-06-12T10:15:48,2026-06-11,100000,C,Brazil,6.3374,3.5209,0.576,0.283,0.1123,0.0288,0.0976,0.9566,0.622,0.3846,0.2306,0.1095,0.0571
2026-06-12T10:15:48,2026-06-11,100000,K,Colombia,5.515,2.0755,0.4154,0.352,0.1644,0.0682,0.1328,0.9002,0.5865,0.3056,0.1673,0.0909,0.0436
2026-06-12T10:15:48,2026-06-11,100000,A,Mexico,7.3947,4.5862,0.7368,0.2239,0.0372,0.0021,0.0361,0.9968,0.701,0.4216,0.1935,0.0898,0.038
2026-06-12T10:15:48,2026-06-11,100000,K,Portugal,5.7052,2.3648,0.4574,0.3336,0.15,0.059,0.1234,0.9144,0.6053,0.3131,0.1614,0.0827,0.0377
2026-06-12T10:15:48,2026-06-11,100000,E,Ecuador,5.7622,2.6307,0.4242,0.3647,0.1726,0.0384,0.1444,0.9333,0.5684,0.2978,0.163,0.0785,0.0365
2026-06-12T10:15:48,2026-06-11,100000,G,Belgium,5.8048,2.5438,0.5247,0.2658,0.1413,0.0683,0.1176,0.908,0.6008,0.3299,0.1431,0.0725,0.0282
2026-06-12T10:15:48,2026-06-11,100000,F,Netherlands,5.5219,2.1753,0.4233,0.3401,0.1652,0.0714,0.1341,0.8975,0.4892,0.2867,0.1505,0.0663,0.028
2026-06-12T10:15:48,2026-06-11,100000,F,Japan,5.5584,2.1673,0.431,0.3325,0.1633,0.0733,0.1324,0.8958,0.4737,0.2714,0.1369,0.0621,0.0267
2026-06-12T10:15:48,2026-06-11,100000,C,Morocco,5.2486,1.797,0.3093,0.4192,0.2046,0.067,0.1632,0.8917,0.4484,0.2448,0.1177,0.0541,0.0229
2026-06-12T10:15:48,2026-06-11,100000,E,Germany,5.8947,2.9932,0.4535,0.3527,0.1628,0.031,0.1412,0.9474,0.5401,0.2682,0.1301,0.0515,0.0219
2026-06-12T10:15:48,2026-06-11,100000,B,Switzerland,6.1013,3.4733,0.4223,0.4505,0.1044,0.0228,0.0875,0.9603,0.5914,0.2615,0.1219,0.0528,0.0213
2026-06-12T10:15:48,2026-06-11,100000,I,Norway,4.7631,0.9241,0.26,0.372,0.2561,0.1119,0.1958,0.8278,0.4791,0.2502,0.1163,0.0461,0.019
2026-06-12T10:15:48,2026-06-11,100000,H,Uruguay,5.2726,1.9045,0.2229,0.5562,0.176,0.0449,0.1346,0.9137,0.3693,0.1945,0.1027,0.0442,0.0157
2026-06-12T10:15:48,2026-06-11,100000,D,Turkey,4.7748,0.985,0.3617,0.2656,0.211,0.1616,0.1664,0.7937,0.4589,0.2128,0.089,0.0382,0.0131
2026-06-12T10:15:48,2026-06-11,100000,B,Canada,6.5717,4.0833,0.5382,0.3742,0.0738,0.0138,0.0629,0.9752,0.5528,0.2688,0.0808,0.0261,0.0084
2026-06-12T10:15:48,2026-06-11,100000,D,Paraguay,4.024,-0.0754,0.2381,0.255,0.2568,0.2501,0.1916,0.6847,0.369,0.1551,0.0576,0.0213,0.0071
2026-06-12T10:15:48,2026-06-11,100000,L,Croatia,4.8882,1.2564,0.2432,0.417,0.2572,0.0825,0.2034,0.8637,0.3697,0.1346,0.055,0.0204,0.0067
2026-06-12T10:15:48,2026-06-11,100000,A,South Korea,5.7396,0.9401,0.2402,0.6116,0.1147,0.0334,0.0946,0.9464,0.4875,0.1758,0.0717,0.0226,0.0064
2026-06-12T10:15:48,2026-06-11,100000,G,Iran,4.4828,0.5395,0.2584,0.3238,0.2542,0.1637,0.1905,0.7726,0.3886,0.1514,0.0526,0.018,0.0058
2026-06-12T10:15:48,2026-06-11,100000,J,Austria,3.8492,-0.4615,0.1312,0.3416,0.3204,0.2068,0.2178,0.6906,0.2519,0.1118,0.044,0.0169,0.0054
2026-06-12T10:15:48,2026-06-11,100000,D,United States,3.7346,-0.5236,0.1976,0.2382,0.2655,0.2987,0.1996,0.6354,0.3241,0.1275,0.0452,0.0148,0.0043
2026-06-12T10:15:48,2026-06-11,100000,D,Australia,3.7751,-0.386,0.2026,0.2411,0.2666,0.2897,0.1977,0.6414,0.3192,0.1222,0.0421,0.0135,0.0043
2026-06-12T10:15:48,2026-06-11,100000,I,Senegal,3.7527,-0.5532,0.1449,0.2638,0.3759,0.2155,0.2669,0.6755,0.3024,0.1218,0.0436,0.0139,0.0041
2026-06-12T10:15:48,2026-06-11,100000,J,Algeria,3.6831,-0.6458,0.1148,0.3203,0.3399,0.225,0.2307,0.6657,0.2209,0.0899,0.0316,0.0109,0.0029
2026-06-12T10:15:48,2026-06-11,100000,C,Scotland,3.2256,-1.3902,0.0936,0.2124,0.4091,0.2849,0.2641,0.5701,0.2001,0.0781,0.0259,0.0071,0.0018
2026-06-12T10:15:48,2026-06-11,100000,G,Egypt,3.4115,-0.9753,0.1334,0.2392,0.3116,0.3158,0.2146,0.5872,0.23,0.0702,0.0206,0.0055,0.0017
2026-06-12T10:15:48,2026-06-11,100000,L,Panama,3.4974,-0.9611,0.1066,0.2537,0.4005,0.2392,0.2656,0.6258,0.2228,0.0662,0.0203,0.0058,0.0016
2026-06-12T10:15:48,2026-06-11,100000,E,Ivory Coast,3.5227,-0.9279,0.1094,0.2301,0.446,0.2145,0.2939,0.6335,0.2131,0.0652,0.0176,0.0045,0.0011
2026-06-12T10:15:48,2026-06-11,100000,K,Uzbekistan,2.7674,-1.9417,0.0712,0.1703,0.3556,0.4029,0.2206,0.4622,0.157,0.0403,0.0112,0.0028,0.0006
2026-06-12T10:15:48,2026-06-11,100000,F,Sweden,2.915,-1.9598,0.0823,0.1808,0.361,0.3759,0.2324,0.4955,0.1351,0.0387,0.0098,0.0019,0.0003
2026-06-12T10:15:48,2026-06-11,100000,A,Czech Republic,2.2757,-1.9825,0.0187,0.0789,0.5792,0.3232,0.381,0.4786,0.147,0.0427,0.0077,0.0016,0.0003
2026-06-12T10:15:48,2026-06-11,100000,K,DR Congo,2.4986,-2.4986,0.056,0.1441,0.33,0.47,0.2021,0.4021,0.1158,0.0241,0.0061,0.0013,0.0002
2026-06-12T10:15:48,2026-06-11,100000,F,Tunisia,2.5225,-2.3828,0.0635,0.1467,0.3105,0.4794,0.192,0.4021,0.0959,0.0261,0.0056,0.0013,0.0002
2026-06-12T10:15:48,2026-06-11,100000,J,Jordan,2.171,-3.2092,0.0332,0.1425,0.2745,0.5498,0.1578,0.3336,0.0734,0.0207,0.0048,0.0008,0.0002
2026-06-12T10:15:48,2026-06-11,100000,G,New Zealand,2.7448,-2.1079,0.0835,0.1713,0.293,0.4522,0.1924,0.4472,0.1349,0.0334,0.0072,0.0014,0.0002
2026-06-12T10:15:48,2026-06-11,100000,H,Saudi Arabia,2.5733,-2.5104,0.0288,0.1588,0.4701,0.3423,0.244,0.4316,0.079,0.0179,0.0035,0.0006,0.0001
2026-06-12T10:15:48,2026-06-11,100000,I,Iraq,1.9265,-3.3715,0.0344,0.0988,0.2399,0.6269,0.1384,0.2716,0.0676,0.0162,0.0034,0.0004,0.0001
2026-06-12T10:15:48,2026-06-11,100000,C,Haiti,1.8213,-3.9277,0.0212,0.0854,0.2741,0.6193,0.1483,0.2549,0.0432,0.0095,0.002,0.0004,0.0
2026-06-12T10:15:48,2026-06-11,100000,B,Bosnia and Herzegovina,2.4377,-3.0316,0.028,0.1142,0.4882,0.3696,0.2498,0.3921,0.0699,0.0158,0.0019,0.0002,0.0
2026-06-12T10:15:48,2026-06-11,100000,A,South Africa,1.6684,-3.5438,0.0043,0.0856,0.2689,0.6412,0.1394,0.2292,0.0526,0.011,0.0014,0.0002,0.0
2026-06-12T10:15:48,2026-06-11,100000,L,Ghana,1.7013,-4.039,0.0194,0.0771,0.2472,0.6563,0.1326,0.2291,0.0402,0.0063,0.001,0.0001,0.0
2026-06-12T10:15:48,2026-06-11,100000,E,Curaçao,1.4541,-4.696,0.0128,0.0525,0.2186,0.7161,0.1066,0.1719,0.0235,0.0032,0.0004,0.0,0.0
2026-06-12T10:15:48,2026-06-11,100000,H,Cape Verde,1.6682,-5.1227,0.0079,0.0658,0.3178,0.6084,0.133,0.2068,0.0266,0.0046,0.0006,0.0001,0.0
2026-06-12T10:15:48,2026-06-11,100000,B,Qatar,1.6853,-4.5249,0.0115,0.0611,0.3337,0.5937,0.1466,0.2192,0.0225,0.0031,0.0001,0.0,0.0
2026-06-12T13:32:55,2026-06-11,2000,J,Argentina,6.928,4.3375,0.7285,0.196,0.06,0.0155,0.0515,0.976,0.688,0.543,0.4035,0.2895,0.2005
2026-06-12T13:32:55,2026-06-11,2000,H,Spain,7.315,5.723,0.7495,0.2105,0.036,0.004,0.034,0.994,0.7295,0.5535,0.4235,0.2885,0.185
2026-06-12T13:32:55,2026-06-11,2000,L,England,6.588,3.7905,0.6365,0.258,0.085,0.0205,0.0725,0.967,0.686,0.4085,0.256,0.1425,0.0815
2026-06-12T13:32:55,2026-06-11,2000,I,France,6.2025,3.088,0.575,0.252,0.134,0.039,0.1055,0.9325,0.6345,0.416,0.2515,0.132,0.07
2026-06-12T13:32:55,2026-06-11,2000,C,Brazil,6.3575,3.5815,0.5755,0.2855,0.115,0.024,0.1035,0.9645,0.624,0.383,0.231,0.101,0.0495
2026-06-12T13:32:55,2026-06-11,2000,K,Colombia,5.556,2.1145,0.422,0.359,0.1595,0.0595,0.129,0.91,0.5855,0.3095,0.1705,0.0885,0.0435
2026-06-12T13:32:55,2026-06-11,2000,A,Mexico,7.392,4.6155,0.7395,0.2115,0.048,0.001,0.0465,0.9975,0.693,0.416,0.1945,0.083,0.0365
2026-06-12T13:32:55,2026-06-11,2000,K,Portugal,5.719,2.4195,0.461,0.335,0.146,0.058,0.1185,0.9145,0.5965,0.3005,0.1475,0.071,0.036
2026-06-12T13:32:55,2026-06-11,2000,E,Ecuador,5.8135,2.6635,0.436,0.355,0.173,0.036,0.147,0.938,0.575,0.2895,0.1565,0.0805,0.033
2026-06-12T13:32:55,2026-06-11,2000,F,Netherlands,5.502,2.095,0.4265,0.3325,0.1745,0.0665,0.138,0.897,0.495,0.274,0.142,0.0795,0.0325
2026-06-12T13:32:55,2026-06-11,2000,G,Belgium,5.778,2.504,0.52,0.2695,0.14,0.0705,0.1085,0.898,0.602,0.326,0.1355,0.072,0.0305
2026-06-12T13:32:55,2026-06-11,2000,E,Germany,5.826,2.895,0.433,0.368,0.163,0.036,0.144,0.945,0.5255,0.2615,0.1295,0.0545,0.0255
2026-06-12T13:32:55,2026-06-11,2000,C,Morocco,5.2815,1.805,0.3175,0.4145,0.203,0.065,0.1605,0.8925,0.479,0.246,0.1285,0.062,0.0235
2026-06-12T13:32:55,2026-06-11,2000,F,Japan,5.557,2.2135,0.4245,0.346,0.158,0.0715,0.127,0.8975,0.462,0.2705,0.124,0.0625,0.022
2026-06-12T13:32:55,2026-06-11,2000,B,Switzerland,6.0665,3.4985,0.4215,0.4445,0.112,0.022,0.092,0.958,0.6065,0.28,0.1235,0.049,0.02
2026-06-12T13:32:55,2026-06-11,2000,H,Uruguay,5.2755,1.931,0.2125,0.5775,0.166,0.044,0.129,0.919,0.352,0.1875,0.0945,0.0475,0.0185
2026-06-12T13:32:55,2026-06-11,2000,I,Norway,4.7515,0.936,0.2485,0.3755,0.27,0.106,0.2015,0.8255,0.4745,0.248,0.117,0.043,0.015
2026-06-12T13:32:55,2026-06-11,2000,D,Turkey,4.7565,0.9935,0.3515,0.261,0.221,0.1665,0.174,0.7865,0.4645,0.2045,0.0895,0.0365,0.0125
2026-06-12T13:32:55,2026-06-11,2000,A,South Korea,5.724,0.9185,0.2365,0.6095,0.111,0.043,0.092,0.938,0.4795,0.174,0.074,0.0245,0.0085
2026-06-12T13:32:55,2026-06-11,2000,I,Senegal,3.736,-0.6065,0.1435,0.27,0.379,0.2075,0.2695,0.683,0.319,0.131,0.046,0.018,0.0085
2026-06-12T13:32:55,2026-06-11,2000,B,Canada,6.615,4.0785,0.5365,0.3825,0.067,0.014,0.0585,0.9775,0.552,0.259,0.0865,0.0285,0.008
2026-06-12T13:32:55,2026-06-11,2000,L,Croatia,4.903,1.3525,0.2455,0.419,0.249,0.0865,0.2035,0.868,0.3775,0.1445,0.061,0.02,0.007
2026-06-12T13:32:55,2026-06-11,2000,D,Paraguay,3.975,-0.1495,0.2325,0.2585,0.2335,0.2755,0.17,0.661,0.3775,0.1625,0.0625,0.02,0.006
2026-06-12T13:32:55,2026-06-11,2000,G,Iran,4.495,0.5445,0.2535,0.336,0.2385,0.172,0.1905,0.78,0.398,0.1575,0.0555,0.0185,0.006
2026-06-12T13:32:55,2026-06-11,2000,D,United States,3.729,-0.4915,0.1875,0.2375,0.2905,0.2845,0.223,0.648,0.327,0.1335,0.045,0.0135,0.004
2026-06-12T13:32:55,2026-06-11,2000,D,Australia,3.871,-0.3525,0.2285,0.243,0.255,0.2735,0.189,0.6605,0.3195,0.1285,0.036,0.0095,0.0035
2026-06-12T13:32:55,2026-06-11,2000,J,Algeria,3.5775,-0.7605,0.105,0.306,0.3625,0.2265,0.2455,0.6565,0.214,0.089,0.031,0.009,0.003
2026-06-12T13:32:55,2026-06-11,2000,E,Ivory Coast,3.5395,-0.912,0.116,0.2215,0.441,0.2215,0.2935,0.631,0.2,0.065,0.0155,0.004,0.0025
2026-06-12T13:32:55,2026-06-11,2000,J,Austria,3.8875,-0.434,0.1375,0.352,0.2915,0.219,0.205,0.6945,0.255,0.114,0.045,0.017,0.002
2026-06-12T13:32:55,2026-06-11,2000,L,Panama,3.448,-1.0295,0.1045,0.2435,0.4035,0.2485,0.2725,0.6205,0.2215,0.0695,0.022,0.008,0.0015
2026-06-12T13:32:55,2026-06-11,2000,G,Egypt,3.44,-0.8825,0.136,0.232,0.338,0.294,0.2365,0.6045,0.213,0.06,0.012,0.0045,0.0015
2026-06-12T13:32:55,2026-06-11,2000,K,Uzbekistan,2.744,-2.004,0.062,0.172,0.36,0.406,0.2165,0.4505,0.1445,0.039,0.012,0.005,0.001
2026-06-12T13:32:55,2026-06-11,2000,C,Scotland,3.1985,-1.501,0.0895,0.213,0.406,0.2915,0.2555,0.558,0.1945,0.075,0.026,0.0085,0.0005
2026-06-12T13:32:55,2026-06-11,2000,G,New Zealand,2.7195,-2.166,0.0905,0.1625,0.2835,0.4635,0.1895,0.4425,0.14,0.033,0.006,0.002,0.0005
2026-06-12T13:32:55,2026-06-11,2000,K,DR Congo,2.455,-2.53,0.055,0.134,0.3345,0.4765,0.2,0.389,0.113,0.0275,0.0065,0.001,0.0005
2026-06-12T13:32:55,2026-06-11,2000,A,Czech Republic,2.332,-1.96,0.0215,0.096,0.571,0.3115,0.375,0.4925,0.1515,0.0415,0.0075,0.0015,0.0
2026-06-12T13:32:55,2026-06-11,2000,J,Jordan,2.1925,-3.143,0.029,0.146,0.286,0.539,0.1615,0.3365,0.0735,0.0195,0.004,0.0015,0.0
2026-06-12T13:32:55,2026-06-11,2000,F,Sweden,2.887,-1.9745,0.0785,0.177,0.3665,0.378,0.23,0.4855,0.116,0.0345,0.006,0.001,0.0
2026-06-12T13:32:55,2026-06-11,2000,F,Tunisia,2.554,-2.334,0.0705,0.1445,0.301,0.484,0.184,0.399,0.0895,0.024,0.004,0.001,0.0
2026-06-12T13:32:55,2026-06-11,2000,H,Saudi Arabia,2.5245,-2.574,0.0295,0.153,0.46,0.3575,0.2375,0.42,0.0925,0.021,0.0055,0.0005,0.0
2026-06-12T13:32:55,2026-06-11,2000,C,Haiti,1.804,-3.8855,0.0175,0.087,0.276,0.6195,0.153,0.2575,0.051,0.0105,0.003,0.0,0.0
2026-06-12T13:32:55,2026-06-11,2000,I,Iraq,1.8725,-3.4175,0.033,0.1025,0.217,0.6475,0.124,0.2595,0.0665,0.0195,0.0025,0.0,0.0
2026-06-12T13:32:55,2026-06-11,2000,A,South Africa,1.6465,-3.574,0.0025,0.083,0.27,0.6445,0.1495,0.235,0.0565,0.012,0.0015,0.0,0.0
2026-06-12T13:32:55,2026-06-11,2000,B,Bosnia and Herzegovina,2.4415,-2.999,0.03,0.11,0.4965,0.3635,0.265,0.405,0.0665,0.0185,0.0015,0.0,0.0
2026-06-12T13:32:55,2026-06-11,2000,L,Ghana,1.7165,-4.1135,0.0135,0.0795,0.2625,0.6445,0.138,0.231,0.044,0.006,0.0015,0.0,0.0
2026-06-12T13:32:55,2026-06-11,2000,H,Cape Verde,1.699,-5.08,0.0085,0.059,0.338,0.5945,0.1445,0.212,0.028,0.005,0.001,0.0,0.0
2026-06-12T13:32:55,2026-06-11,2000,B,Qatar,1.675,-4.578,0.012,0.063,0.3245,0.6005,0.138,0.213,0.0185,0.0025,0.0005,0.0,0.0
2026-06-12T13:32:55,2026-06-11,2000,E,Curaçao,1.4635,-4.6465,0.015,0.0555,0.223,0.7065,0.107,0.1775,0.0275,0.0055,0.0005,0.0,0.0
2026-06-12T13:34:49,2026-06-11,100000,H,Spain,7.277,5.7285,0.7403,0.2192,0.0362,0.0043,0.0333,0.9928,0.7185,0.5555,0.4168,0.3016,0.1982
2026-06-12T13:34:49,2026-06-11,100000,J,Argentina,6.8894,4.3165,0.7208,0.1956,0.0652,0.0184,0.0579,0.9743,0.6851,0.5356,0.3876,0.2783,0.1813
2026-06-12T13:34:49,2026-06-11,100000,L,England,6.5776,3.7438,0.6308,0.2522,0.095,0.022,0.0825,0.9654,0.6776,0.3919,0.2453,0.1403,0.0804
2026-06-12T13:34:49,2026-06-11,100000,I,France,6.1108,3.0006,0.5608,0.2654,0.1282,0.0456,0.1085,0.9346,0.6482,0.4218,0.251,0.1264,0.0667
2026-06-12T13:34:49,2026-06-11,100000,C,Brazil,6.3374,3.5209,0.576,0.283,0.1123,0.0288,0.0976,0.9566,0.622,0.3846,0.2306,0.1095,0.0571
2026-06-12T13:34:49,2026-06-11,100000,K,Colombia,5.515,2.0755,0.4154,0.352,0.1644,0.0682,0.1328,0.9002,0.5865,0.3056,0.1673,0.0909,0.0436
2026-06-12T13:34:49,2026-06-11,100000,A,Mexico,7.3947,4.5862,0.7368,0.2239,0.0372,0.0021,0.0361,0.9968,0.701,0.4216,0.1935,0.0898,0.038
2026-06-12T13:34:49,2026-06-11,100000,K,Portugal,5.7052,2.3648,0.4574,0.3336,0.15,0.059,0.1234,0.9144,0.6053,0.3131,0.1614,0.0827,0.0377
2026-06-12T13:34:49,2026-06-11,100000,E,Ecuador,5.7622,2.6307,0.4242,0.3647,0.1726,0.0384,0.1444,0.9333,0.5684,0.2978,0.163,0.0785,0.0365
2026-06-12T13:34:49,2026-06-11,100000,G,Belgium,5.8048,2.5438,0.5247,0.2658,0.1413,0.0683,0.1176,0.908,0.6008,0.3299,0.1431,0.0725,0.0282
2026-06-12T13:34:49,2026-06-11,100000,F,Netherlands,5.5219,2.1753,0.4233,0.3401,0.1652,0.0714,0.1341,0.8975,0.4892,0.2867,0.1505,0.0663,0.028
2026-06-12T13:34:49,2026-06-11,100000,F,Japan,5.5584,2.1673,0.431,0.3325,0.1633,0.0733,0.1324,0.8958,0.4737,0.2714,0.1369,0.0621,0.0267
2026-06-12T13:34:49,2026-06-11,100000,C,Morocco,5.2486,1.797,0.3093,0.4192,0.2046,0.067,0.1632,0.8917,0.4484,0.2448,0.1177,0.0541,0.0229
2026-06-12T13:34:49,2026-06-11,100000,E,Germany,5.8947,2.9932,0.4535,0.3527,0.1628,0.031,0.1412,0.9474,0.5401,0.2682,0.1301,0.0515,0.0219
2026-06-12T13:34:49,2026-06-11,100000,B,Switzerland,6.1013,3.4733,0.4223,0.4505,0.1044,0.0228,0.0875,0.9603,0.5914,0.2615,0.1219,0.0528,0.0213
2026-06-12T13:34:49,2026-06-11,100000,I,Norway,4.7631,0.9241,0.26,0.372,0.2561,0.1119,0.1958,0.8278,0.4791,0.2502,0.1163,0.0461,0.019
2026-06-12T13:34:49,2026-06-11,100000,H,Uruguay,5.2726,1.9045,0.2229,0.5562,0.176,0.0449,0.1346,0.9137,0.3693,0.1945,0.1027,0.0442,0.0157
2026-06-12T13:34:49,2026-06-11,100000,D,Turkey,4.7748,0.985,0.3617,0.2656,0.211,0.1616,0.1664,0.7937,0.4589,0.2128,0.089,0.0382,0.0131
2026-06-12T13:34:49,2026-06-11,100000,B,Canada,6.5717,4.0833,0.5382,0.3742,0.0738,0.0138,0.0629,0.9752,0.5528,0.2688,0.0808,0.0261,0.0084
2026-06-12T13:34:49,2026-06-11,100000,D,Paraguay,4.024,-0.0754,0.2381,0.255,0.2568,0.2501,0.1916,0.6847,0.369,0.1551,0.0576,0.0213,0.0071
2026-06-12T13:34:49,2026-06-11,100000,L,Croatia,4.8882,1.2564,0.2432,0.417,0.2572,0.0825,0.2034,0.8637,0.3697,0.1346,0.055,0.0204,0.0067
2026-06-12T13:34:49,2026-06-11,100000,A,South Korea,5.7396,0.9401,0.2402,0.6116,0.1147,0.0334,0.0946,0.9464,0.4875,0.1758,0.0717,0.0226,0.0064
2026-06-12T13:34:49,2026-06-11,100000,G,Iran,4.4828,0.5395,0.2584,0.3238,0.2542,0.1637,0.1905,0.7726,0.3886,0.1514,0.0526,0.018,0.0058
2026-06-12T13:34:49,2026-06-11,100000,J,Austria,3.8492,-0.4615,0.1312,0.3416,0.3204,0.2068,0.2178,0.6906,0.2519,0.1118,0.044,0.0169,0.0054
2026-06-12T13:34:49,2026-06-11,100000,D,United States,3.7346,-0.5236,0.1976,0.2382,0.2655,0.2987,0.1996,0.6354,0.3241,0.1275,0.0452,0.0148,0.0043
2026-06-12T13:34:49,2026-06-11,100000,D,Australia,3.7751,-0.386,0.2026,0.2411,0.2666,0.2897,0.1977,0.6414,0.3192,0.1222,0.0421,0.0135,0.0043
2026-06-12T13:34:49,2026-06-11,100000,I,Senegal,3.7527,-0.5532,0.1449,0.2638,0.3759,0.2155,0.2669,0.6755,0.3024,0.1218,0.0436,0.0139,0.0041
2026-06-12T13:34:49,2026-06-11,100000,J,Algeria,3.6831,-0.6458,0.1148,0.3203,0.3399,0.225,0.2307,0.6657,0.2209,0.0899,0.0316,0.0109,0.0029
2026-06-12T13:34:49,2026-06-11,100000,C,Scotland,3.2256,-1.3902,0.0936,0.2124,0.4091,0.2849,0.2641,0.5701,0.2001,0.0781,0.0259,0.0071,0.0018
2026-06-12T13:34:49,2026-06-11,100000,G,Egypt,3.4115,-0.9753,0.1334,0.2392,0.3116,0.3158,0.2146,0.5872,0.23,0.0702,0.0206,0.0055,0.0017
2026-06-12T13:34:49,2026-06-11,100000,L,Panama,3.4974,-0.9611,0.1066,0.2537,0.4005,0.2392,0.2656,0.6258,0.2228,0.0662,0.0203,0.0058,0.0016
2026-06-12T13:34:49,2026-06-11,100000,E,Ivory Coast,3.5227,-0.9279,0.1094,0.2301,0.446,0.2145,0.2939,0.6335,0.2131,0.0652,0.0176,0.0045,0.0011
2026-06-12T13:34:49,2026-06-11,100000,K,Uzbekistan,2.7674,-1.9417,0.0712,0.1703,0.3556,0.4029,0.2206,0.4622,0.157,0.0403,0.0112,0.0028,0.0006
2026-06-12T13:34:49,2026-06-11,100000,F,Sweden,2.915,-1.9598,0.0823,0.1808,0.361,0.3759,0.2324,0.4955,0.1351,0.0387,0.0098,0.0019,0.0003
2026-06-12T13:34:49,2026-06-11,100000,A,Czech Republic,2.2757,-1.9825,0.0187,0.0789,0.5792,0.3232,0.381,0.4786,0.147,0.0427,0.0077,0.0016,0.0003
2026-06-12T13:34:49,2026-06-11,100000,K,DR Congo,2.4986,-2.4986,0.056,0.1441,0.33,0.47,0.2021,0.4021,0.1158,0.0241,0.0061,0.0013,0.0002
2026-06-12T13:34:49,2026-06-11,100000,F,Tunisia,2.5225,-2.3828,0.0635,0.1467,0.3105,0.4794,0.192,0.4021,0.0959,0.0261,0.0056,0.0013,0.0002
2026-06-12T13:34:49,2026-06-11,100000,J,Jordan,2.171,-3.2092,0.0332,0.1425,0.2745,0.5498,0.1578,0.3336,0.0734,0.0207,0.0048,0.0008,0.0002
2026-06-12T13:34:49,2026-06-11,100000,G,New Zealand,2.7448,-2.1079,0.0835,0.1713,0.293,0.4522,0.1924,0.4472,0.1349,0.0334,0.0072,0.0014,0.0002
2026-06-12T13:34:49,2026-06-11,100000,H,Saudi Arabia,2.5733,-2.5104,0.0288,0.1588,0.4701,0.3423,0.244,0.4316,0.079,0.0179,0.0035,0.0006,0.0001
2026-06-12T13:34:49,2026-06-11,100000,I,Iraq,1.9265,-3.3715,0.0344,0.0988,0.2399,0.6269,0.1384,0.2716,0.0676,0.0162,0.0034,0.0004,0.0001
2026-06-12T13:34:49,2026-06-11,100000,C,Haiti,1.8213,-3.9277,0.0212,0.0854,0.2741,0.6193,0.1483,0.2549,0.0432,0.0095,0.002,0.0004,0.0
2026-06-12T13:34:49,2026-06-11,100000,B,Bosnia and Herzegovina,2.4377,-3.0316,0.028,0.1142,0.4882,0.3696,0.2498,0.3921,0.0699,0.0158,0.0019,0.0002,0.0
2026-06-12T13:34:49,2026-06-11,100000,A,South Africa,1.6684,-3.5438,0.0043,0.0856,0.2689,0.6412,0.1394,0.2292,0.0526,0.011,0.0014,0.0002,0.0
2026-06-12T13:34:49,2026-06-11,100000,L,Ghana,1.7013,-4.039,0.0194,0.0771,0.2472,0.6563,0.1326,0.2291,0.0402,0.0063,0.001,0.0001,0.0
2026-06-12T13:34:49,2026-06-11,100000,E,Curaçao,1.4541,-4.696,0.0128,0.0525,0.2186,0.7161,0.1066,0.1719,0.0235,0.0032,0.0004,0.0,0.0
2026-06-12T13:34:49,2026-06-11,100000,H,Cape Verde,1.6682,-5.1227,0.0079,0.0658,0.3178,0.6084,0.133,0.2068,0.0266,0.0046,0.0006,0.0001,0.0
2026-06-12T13:34:49,2026-06-11,100000,B,Qatar,1.6853,-4.5249,0.0115,0.0611,0.3337,0.5937,0.1466,0.2192,0.0225,0.0031,0.0001,0.0,0.0
2026-06-12T23:11:09,2026-06-12,50000,H,Spain,7.2946,5.4332,0.7479,0.209,0.0373,0.0057,0.0335,0.9904,0.7225,0.5546,0.4023,0.2883,0.1797
2026-06-12T23:11:09,2026-06-12,50000,J,Argentina,6.832,4.2207,0.7139,0.1972,0.0687,0.0202,0.0602,0.9713,0.68,0.5259,0.3817,0.2653,0.1743
2026-06-12T23:11:09,2026-06-12,50000,I,France,6.1799,3.123,0.5693,0.2655,0.1243,0.0409,0.105,0.9397,0.6577,0.434,0.2583,0.1306,0.0707
2026-06-12T23:11:09,2026-06-12,50000,L,England,6.8026,4.2011,0.6687,0.2336,0.0839,0.0138,0.0739,0.9762,0.6927,0.3914,0.2227,0.1253,0.0677
2026-06-12T23:11:09,2026-06-12,50000,C,Brazil,6.4441,3.7365,0.5933,0.2765,0.1051,0.0251,0.091,0.9607,0.6125,0.3767,0.227,0.1085,0.058
2026-06-12T23:11:09,2026-06-12,50000,K,Colombia,5.5974,2.1421,0.4294,0.3537,0.1546,0.0622,0.1208,0.9039,0.5909,0.3185,0.179,0.1016,0.0514
2026-06-12T23:11:09,2026-06-12,50000,K,Portugal,5.7492,2.4556,0.4559,0.3475,0.1414,0.0552,0.1159,0.9193,0.6105,0.3308,0.1782,0.0984,0.047
2026-06-12T23:11:09,2026-06-12,50000,E,Ecuador,5.7224,2.5999,0.4127,0.3679,0.1812,0.0383,0.1511,0.9316,0.558,0.2955,0.1652,0.0799,0.0378
2026-06-12T23:11:09,2026-06-12,50000,F,Netherlands,5.6061,2.2687,0.45,0.3201,0.1614,0.0685,0.1297,0.8999,0.5051,0.2979,0.1609,0.0724,0.0335
2026-06-12T23:11:09,2026-06-12,50000,A,Mexico,7.1561,4.1568,0.6636,0.2854,0.0492,0.0018,0.047,0.996,0.6813,0.3917,0.1751,0.0738,0.0297
2026-06-12T23:11:09,2026-06-12,50000,E,Germany,5.9597,3.2506,0.467,0.3476,0.157,0.0284,0.1366,0.9512,0.5672,0.2902,0.1537,0.0659,0.0294
2026-06-12T23:11:09,2026-06-12,50000,G,Belgium,5.6015,2.2383,0.4883,0.2732,0.1572,0.0813,0.1294,0.8909,0.5755,0.3102,0.1357,0.0689,0.0286
2026-06-12T23:11:09,2026-06-12,50000,F,Japan,5.3739,1.9202,0.3903,0.3448,0.1834,0.0816,0.1471,0.8822,0.4551,0.2602,0.1305,0.0573,0.0247
2026-06-12T23:11:09,2026-06-12,50000,I,Norway,4.7779,0.9594,0.2568,0.3769,0.2613,0.105,0.1981,0.8318,0.4845,0.2549,0.1269,0.0531,0.0234
2026-06-12T23:11:09,2026-06-12,50000,B,Switzerland,6.0629,3.1902,0.5453,0.2971,0.1227,0.035,0.1036,0.946,0.5875,0.2639,0.1243,0.0569,0.0233
2026-06-12T23:11:09,2026-06-12,50000,C,Morocco,5.1337,1.6158,0.2884,0.4187,0.2226,0.0703,0.1729,0.88,0.4379,0.234,0.1124,0.0499,0.0217
2026-06-12T23:11:09,2026-06-12,50000,H,Uruguay,5.3187,1.9903,0.2152,0.5796,0.1626,0.0425,0.1231,0.9179,0.3915,0.2133,0.1069,0.0501,0.0208
2026-06-12T23:11:09,2026-06-12,50000,D,Turkey,4.8746,1.1357,0.3807,0.2653,0.2044,0.1497,0.1603,0.8063,0.4865,0.2388,0.1009,0.045,0.0154
2026-06-12T23:11:09,2026-06-12,50000,D,Paraguay,3.9556,-0.1519,0.2282,0.2553,0.258,0.2585,0.1884,0.6719,0.353,0.1469,0.0526,0.0197,0.0073
2026-06-12T23:11:09,2026-06-12,50000,B,Canada,4.962,2.1061,0.3692,0.4458,0.1509,0.0341,0.1122,0.9272,0.4859,0.2288,0.0666,0.0217,0.0071
2026-06-12T23:11:09,2026-06-12,50000,L,Croatia,4.7943,1.1029,0.2127,0.4291,0.2785,0.0797,0.2137,0.8556,0.3643,0.1381,0.0569,0.0208,0.007
2026-06-12T23:11:09,2026-06-12,50000,A,South Korea,6.1165,1.5027,0.3154,0.5799,0.0834,0.0213,0.0701,0.9654,0.5099,0.1768,0.0716,0.0206,0.0062
2026-06-12T23:11:09,2026-06-12,50000,J,Austria,3.9004,-0.4211,0.1438,0.3432,0.3078,0.2052,0.2071,0.694,0.2462,0.1059,0.0426,0.0167,0.0055
2026-06-12T23:11:09,2026-06-12,50000,G,Iran,4.4264,0.5079,0.2598,0.3091,0.2608,0.1703,0.1946,0.7635,0.3861,0.1493,0.0487,0.0171,0.0051
2026-06-12T23:11:09,2026-06-12,50000,D,Australia,3.8664,-0.2395,0.2105,0.252,0.2692,0.2683,0.1966,0.6591,0.3234,0.1278,0.044,0.0156,0.0047
2026-06-12T23:11:09,2026-06-12,50000,I,Senegal,3.7743,-0.4959,0.1436,0.2694,0.3797,0.2073,0.2651,0.6781,0.314,0.129,0.0476,0.0149,0.0047
2026-06-12T23:11:09,2026-06-12,50000,D,United States,3.5699,-0.7443,0.1806,0.2274,0.2684,0.3236,0.1936,0.6017,0.3005,0.1164,0.0382,0.013,0.0034
2026-06-12T23:11:09,2026-06-12,50000,J,Algeria,3.5403,-0.8648,0.1075,0.3018,0.3378,0.253,0.2183,0.6276,0.1991,0.0782,0.0276,0.0094,0.0026
2026-06-12T23:11:09,2026-06-12,50000,C,Scotland,3.3504,-1.1791,0.0989,0.2264,0.4139,0.2608,0.2661,0.5915,0.2224,0.0886,0.0314,0.0082,0.0021
2026-06-12T23:11:09,2026-06-12,50000,G,Egypt,3.6211,-0.6269,0.162,0.2482,0.2994,0.2904,0.2092,0.6194,0.2497,0.0788,0.023,0.0065,0.0019
2026-06-12T23:11:09,2026-06-12,50000,L,Panama,3.6178,-0.8169,0.1069,0.2726,0.4133,0.2072,0.2697,0.6492,0.2434,0.0759,0.0236,0.0069,0.0018
2026-06-12T23:11:09,2026-06-12,50000,E,Ivory Coast,3.5731,-0.7873,0.109,0.2347,0.4565,0.1998,0.2994,0.6431,0.2089,0.0626,0.0182,0.0048,0.0011
2026-06-12T23:11:09,2026-06-12,50000,K,Uzbekistan,2.6021,-2.1927,0.0595,0.1533,0.3587,0.4285,0.2137,0.4265,0.1304,0.0356,0.0112,0.003,0.0007
2026-06-12T23:11:09,2026-06-12,50000,F,Sweden,3.117,-1.5969,0.1019,0.1996,0.3563,0.3422,0.2304,0.5319,0.1616,0.048,0.0118,0.0023,0.0005
2026-06-12T23:11:09,2026-06-12,50000,A,Czech Republic,2.3144,-1.8281,0.0175,0.0765,0.6045,0.3015,0.3871,0.4811,0.1634,0.048,0.0091,0.0016,0.0003
2026-06-12T23:11:09,2026-06-12,50000,K,DR Congo,2.5346,-2.4051,0.0553,0.1455,0.3452,0.454,0.2076,0.4083,0.108,0.0227,0.0055,0.0013,0.0002
2026-06-12T23:11:09,2026-06-12,50000,F,Tunisia,2.4185,-2.592,0.0578,0.1355,0.2989,0.5078,0.182,0.3753,0.0869,0.0232,0.005,0.0011,0.0002
2026-06-12T23:11:09,2026-06-12,50000,J,Jordan,2.2859,-2.9348,0.0348,0.1578,0.2857,0.5217,0.1625,0.3551,0.0745,0.02,0.0044,0.0008,0.0001
2026-06-12T23:11:09,2026-06-12,50000,B,Bosnia and Herzegovina,3.118,-1.1,0.0594,0.1851,0.478,0.2775,0.3139,0.5585,0.1174,0.0266,0.0039,0.0006,0.0001
2026-06-12T23:11:09,2026-06-12,50000,G,New Zealand,2.7529,-2.1194,0.0899,0.1694,0.2827,0.458,0.1849,0.4442,0.1296,0.0287,0.0049,0.0007,0.0001
2026-06-12T23:11:09,2026-06-12,50000,C,Haiti,1.7303,-4.1731,0.0195,0.0783,0.2584,0.6438,0.1332,0.231,0.0397,0.0082,0.0014,0.0003,0.0001
2026-06-12T23:11:09,2026-06-12,50000,I,Iraq,1.8268,-3.5864,0.0303,0.0882,0.2347,0.6467,0.1292,0.2478,0.0621,0.0145,0.0024,0.0005,0.0001
2026-06-12T23:11:09,2026-06-12,50000,H,Saudi Arabia,2.5231,-2.6424,0.0262,0.1405,0.484,0.3493,0.2523,0.419,0.0772,0.0174,0.0033,0.0005,0.0001
2026-06-12T23:11:09,2026-06-12,50000,A,South Africa,1.4904,-3.8315,0.0035,0.0582,0.2629,0.6754,0.1314,0.1931,0.0443,0.0072,0.0008,0.0001,0.0
2026-06-12T23:11:09,2026-06-12,50000,H,Cape Verde,1.6772,-4.7811,0.0106,0.0708,0.3161,0.6024,0.1333,0.2148,0.0281,0.0043,0.0005,0.0001,0.0
2026-06-12T23:11:09,2026-06-12,50000,L,Ghana,1.5002,-4.487,0.0117,0.0646,0.2244,0.6993,0.1069,0.1832,0.0292,0.0047,0.0008,0.0001,0.0
2026-06-12T23:11:09,2026-06-12,50000,E,Curaçao,1.3822,-5.0632,0.0113,0.0498,0.2054,0.7334,0.0961,0.1573,0.0213,0.0023,0.0004,0.0,0.0
2026-06-12T23:11:09,2026-06-12,50000,B,Qatar,1.7547,-4.1963,0.0262,0.072,0.2484,0.6534,0.1321,0.2303,0.0226,0.003,0.0001,0.0,0.0
2026-06-13T06:01:33,2026-06-12,50000,H,Spain,7.1098,5.0019,0.7148,0.2281,0.0482,0.0089,0.0433,0.9862,0.7121,0.5272,0.3802,0.2655,0.1737
2026-06-13T06:01:33,2026-06-12,50000,J,Argentina,6.7799,4.261,0.6985,0.205,0.0753,0.0212,0.0662,0.9697,0.6668,0.4869,0.3364,0.2323,0.1482
2026-06-13T06:01:33,2026-06-12,50000,I,France,6.0595,2.9018,0.5564,0.2641,0.1284,0.0511,0.1066,0.927,0.6521,0.4346,0.2627,0.1421,0.08
2026-06-13T06:01:33,2026-06-12,50000,L,England,6.5859,3.8171,0.6292,0.2524,0.0962,0.0222,0.0828,0.9644,0.6636,0.3795,0.2272,0.1284,0.0702
2026-06-13T06:01:33,2026-06-12,50000,C,Brazil,6.3383,3.4636,0.5969,0.2575,0.1129,0.0326,0.0963,0.9508,0.6157,0.3854,0.2338,0.1147,0.0625
2026-06-13T06:01:33,2026-06-12,50000,K,Colombia,5.4881,2.03,0.4169,0.3455,0.1664,0.0712,0.1308,0.8932,0.5944,0.3235,0.1791,0.0974,0.0486
2026-06-13T06:01:33,2026-06-12,50000,K,Portugal,5.6485,2.3289,0.4477,0.3334,0.1566,0.0623,0.1261,0.9072,0.5916,0.3282,0.1816,0.0973,0.0484
2026-06-13T06:01:33,2026-06-12,50000,F,Netherlands,5.5065,2.1144,0.4394,0.3115,0.1713,0.0778,0.1382,0.8891,0.5136,0.308,0.1685,0.082,0.038
2026-06-13T06:01:33,2026-06-12,50000,A,Mexico,7.1898,4.2017,0.6688,0.278,0.0513,0.0019,0.0489,0.9957,0.6899,0.4059,0.1973,0.0854,0.0362
2026-06-13T06:01:33,2026-06-12,50000,E,Ecuador,5.6403,2.4918,0.4078,0.3554,0.195,0.0418,0.1632,0.9263,0.5513,0.287,0.1514,0.0718,0.0322
2026-06-13T06:01:33,2026-06-12,50000,G,Belgium,5.6729,2.3414,0.5045,0.2665,0.1514,0.0776,0.1239,0.8949,0.579,0.3198,0.145,0.0719,0.0283
2026-06-13T06:01:33,2026-06-12,50000,B,Switzerland,6.0665,3.1037,0.5555,0.2823,0.1235,0.0387,0.1029,0.9407,0.5936,0.2788,0.1359,0.0634,0.0272
2026-06-13T06:01:33,2026-06-12,50000,E,Germany,5.8247,2.9277,0.4474,0.3423,0.1731,0.0372,0.1484,0.9381,0.5411,0.2716,0.1361,0.0601,0.027
2026-06-13T06:01:33,2026-06-12,50000,F,Japan,5.2543,1.7367,0.3799,0.3357,0.1921,0.0923,0.1526,0.8682,0.4585,0.2647,0.1315,0.061,0.0264
2026-06-13T06:01:33,2026-06-12,50000,I,Norway,4.6752,0.8174,0.2541,0.3609,0.2604,0.1246,0.1951,0.8102,0.468,0.2489,0.1191,0.05,0.0221
2026-06-13T06:01:33,2026-06-12,50000,D,United States,6.0228,3.4508,0.5372,0.3047,0.1335,0.0246,0.1285,0.9705,0.6052,0.3038,0.1249,0.0534,0.0218
2026-06-13T06:01:33,2026-06-12,50000,H,Uruguay,5.1977,1.7191,0.2336,0.5218,0.1888,0.0557,0.1398,0.8952,0.3835,0.2015,0.0969,0.0424,0.017
2026-06-13T06:01:33,2026-06-12,50000,C,Morocco,4.9154,1.2307,0.2612,0.407,0.2375,0.0944,0.179,0.8471,0.4047,0.2099,0.0961,0.0432,0.0166
2026-06-13T06:01:33,2026-06-12,50000,D,Turkey,4.7283,0.9128,0.2931,0.3228,0.235,0.1492,0.1746,0.7904,0.46,0.2225,0.0974,0.0439,0.0161
2026-06-13T06:01:33,2026-06-12,50000,L,Croatia,4.9491,1.3699,0.2455,0.4246,0.2526,0.0774,0.1964,0.8665,0.3839,0.1524,0.0646,0.0251,0.0092
2026-06-13T06:01:33,2026-06-12,50000,A,South Korea,6.1345,1.577,0.3099,0.5885,0.0798,0.0218,0.0663,0.9647,0.5361,0.1894,0.0805,0.0262,0.0091
2026-06-13T06:01:33,2026-06-12,50000,G,Iran,4.3788,0.3925,0.2525,0.307,0.2619,0.1785,0.1907,0.7503,0.3652,0.1404,0.0485,0.0168,0.0056
2026-06-13T06:01:33,2026-06-12,50000,B,Canada,4.8743,1.9482,0.3487,0.4487,0.1661,0.0366,0.1232,0.9206,0.4513,0.2005,0.0594,0.0186,0.0054
2026-06-13T06:01:33,2026-06-12,50000,I,Senegal,3.7671,-0.5142,0.1483,0.268,0.3627,0.221,0.2513,0.6676,0.3059,0.1223,0.0446,0.0159,0.0049
2026-06-13T06:01:33,2026-06-12,50000,J,Austria,3.8347,-0.5071,0.1389,0.327,0.3189,0.2152,0.2103,0.6761,0.2438,0.1002,0.039,0.015,0.0046
2026-06-13T06:01:33,2026-06-12,50000,D,Australia,3.5217,-0.8229,0.1391,0.2399,0.3378,0.2831,0.2242,0.6032,0.2847,0.1096,0.0404,0.014,0.0043
2026-06-13T06:01:33,2026-06-12,50000,J,Algeria,3.7999,-0.4855,0.1294,0.3262,0.3294,0.2151,0.2218,0.6774,0.2247,0.0894,0.0314,0.011,0.0032
2026-06-13T06:01:33,2026-06-12,50000,C,Scotland,3.4142,-1.0823,0.1124,0.2365,0.3815,0.2697,0.2493,0.5982,0.2206,0.0865,0.0287,0.0083,0.0023
2026-06-13T06:01:33,2026-06-12,50000,E,Ivory Coast,3.7541,-0.5336,0.1333,0.2516,0.4269,0.1882,0.2842,0.6691,0.2338,0.0745,0.0218,0.0067,0.0019
2026-06-13T06:01:33,2026-06-12,50000,D,Paraguay,2.3421,-3.5408,0.0306,0.1326,0.2937,0.5431,0.1796,0.3428,0.1448,0.0509,0.0185,0.006,0.0019
2026-06-13T06:01:33,2026-06-12,50000,L,Panama,3.5115,-0.9937,0.108,0.2497,0.4073,0.235,0.2643,0.622,0.2205,0.0682,0.0216,0.0065,0.0018
2026-06-13T06:01:33,2026-06-12,50000,G,Egypt,3.5554,-0.7827,0.1514,0.2489,0.3015,0.2983,0.2057,0.6059,0.2311,0.0709,0.0215,0.0061,0.0016
2026-06-13T06:01:33,2026-06-12,50000,K,Uzbekistan,2.8327,-1.8536,0.0759,0.1755,0.3542,0.3944,0.2166,0.4681,0.1627,0.0458,0.0132,0.0037,0.0008
2026-06-13T06:01:33,2026-06-12,50000,F,Sweden,3.2809,-1.2876,0.1195,0.2139,0.3472,0.3194,0.2228,0.5562,0.1725,0.0563,0.0147,0.0035,0.0008
2026-06-13T06:01:33,2026-06-12,50000,A,Czech Republic,2.4059,-1.6701,0.0183,0.0806,0.629,0.2721,0.4006,0.4995,0.1695,0.0488,0.0093,0.0021,0.0005
2026-06-13T06:01:33,2026-06-12,50000,G,New Zealand,2.8034,-1.9512,0.0916,0.1776,0.2851,0.4457,0.1825,0.4517,0.1359,0.032,0.0067,0.0014,0.0003
2026-06-13T06:01:33,2026-06-12,50000,K,DR Congo,2.5143,-2.5053,0.0595,0.1455,0.3229,0.4721,0.1903,0.3954,0.1151,0.0257,0.0066,0.0016,0.0003
2026-06-13T06:01:33,2026-06-12,50000,F,Tunisia,2.4347,-2.5634,0.0612,0.1389,0.2894,0.5105,0.1748,0.3749,0.0871,0.0237,0.0048,0.0011,0.0002
2026-06-13T06:01:33,2026-06-12,50000,B,Bosnia and Herzegovina,3.2061,-0.9749,0.0678,0.1974,0.4763,0.2586,0.3151,0.5803,0.1212,0.0292,0.0049,0.001,0.0002
2026-06-13T06:01:33,2026-06-12,50000,J,Jordan,2.1846,-3.2684,0.0332,0.1418,0.2765,0.5485,0.1522,0.3272,0.0758,0.0207,0.0043,0.0009,0.0002
2026-06-13T06:01:33,2026-06-12,50000,H,Saudi Arabia,2.7281,-2.286,0.0379,0.1708,0.4611,0.3302,0.2549,0.4636,0.0899,0.0213,0.0046,0.0009,0.0001
2026-06-13T06:01:33,2026-06-12,50000,I,Iraq,2.0364,-3.2051,0.0412,0.1069,0.2485,0.6034,0.1404,0.2886,0.0761,0.0185,0.0041,0.0007,0.0001
2026-06-13T06:01:33,2026-06-12,50000,C,Haiti,1.9417,-3.612,0.0295,0.099,0.2681,0.6033,0.1451,0.2737,0.05,0.0112,0.0022,0.0004,0.0001
2026-06-13T06:01:33,2026-06-12,50000,A,South Africa,1.3814,-4.1086,0.003,0.0529,0.2398,0.7042,0.1129,0.1689,0.0413,0.0076,0.0011,0.0001,0.0
2026-06-13T06:01:33,2026-06-12,50000,L,Ghana,1.6565,-4.1933,0.0173,0.0733,0.2439,0.6655,0.122,0.2126,0.0339,0.0053,0.001,0.0001,0.0
2026-06-13T06:01:33,2026-06-12,50000,H,Cape Verde,1.7331,-4.435,0.0137,0.0793,0.3018,0.6052,0.1345,0.2274,0.0307,0.005,0.0006,0.0001,0.0
2026-06-13T06:01:33,2026-06-12,50000,E,Curaçao,1.413,-4.886,0.0115,0.0507,0.2049,0.7329,0.0968,0.159,0.0221,0.0028,0.0004,0.0,0.0
2026-06-13T06:01:33,2026-06-12,50000,B,Qatar,1.7394,-4.077,0.0281,0.0717,0.2341,0.6661,0.1239,0.2237,0.025,0.0034,0.0002,0.0,0.0
2026-06-13T06:44:00,2026-06-12,50000,H,Spain,7.1098,5.0019,0.7148,0.2281,0.0482,0.0089,0.0433,0.9862,0.7121,0.5272,0.3802,0.2655,0.1737
2026-06-13T06:44:00,2026-06-12,50000,J,Argentina,6.7799,4.261,0.6985,0.205,0.0753,0.0212,0.0662,0.9697,0.6668,0.4869,0.3364,0.2323,0.1482
2026-06-13T06:44:00,2026-06-12,50000,I,France,6.0595,2.9018,0.5564,0.2641,0.1284,0.0511,0.1066,0.927,0.6521,0.4346,0.2627,0.1421,0.08
2026-06-13T06:44:00,2026-06-12,50000,L,England,6.5859,3.8171,0.6292,0.2524,0.0962,0.0222,0.0828,0.9644,0.6636,0.3795,0.2272,0.1284,0.0702
2026-06-13T06:44:00,2026-06-12,50000,C,Brazil,6.3383,3.4636,0.5969,0.2575,0.1129,0.0326,0.0963,0.9508,0.6157,0.3854,0.2338,0.1147,0.0625
2026-06-13T06:44:00,2026-06-12,50000,K,Colombia,5.4881,2.03,0.4169,0.3455,0.1664,0.0712,0.1308,0.8932,0.5944,0.3235,0.1791,0.0974,0.0486
2026-06-13T06:44:00,2026-06-12,50000,K,Portugal,5.6485,2.3289,0.4477,0.3334,0.1566,0.0623,0.1261,0.9072,0.5916,0.3282,0.1816,0.0973,0.0484
2026-06-13T06:44:00,2026-06-12,50000,F,Netherlands,5.5065,2.1144,0.4394,0.3115,0.1713,0.0778,0.1382,0.8891,0.5136,0.308,0.1685,0.082,0.038
2026-06-13T06:44:00,2026-06-12,50000,A,Mexico,7.1898,4.2017,0.6688,0.278,0.0513,0.0019,0.0489,0.9957,0.6899,0.4059,0.1973,0.0854,0.0362
2026-06-13T06:44:00,2026-06-12,50000,E,Ecuador,5.6403,2.4918,0.4078,0.3554,0.195,0.0418,0.1632,0.9263,0.5513,0.287,0.1514,0.0718,0.0322
2026-06-13T06:44:00,2026-06-12,50000,G,Belgium,5.6729,2.3414,0.5045,0.2665,0.1514,0.0776,0.1239,0.8949,0.579,0.3198,0.145,0.0719,0.0283
2026-06-13T06:44:00,2026-06-12,50000,B,Switzerland,6.0665,3.1037,0.5555,0.2823,0.1235,0.0387,0.1029,0.9407,0.5936,0.2788,0.1359,0.0634,0.0272
2026-06-13T06:44:00,2026-06-12,50000,E,Germany,5.8247,2.9277,0.4474,0.3423,0.1731,0.0372,0.1484,0.9381,0.5411,0.2716,0.1361,0.0601,0.027
2026-06-13T06:44:00,2026-06-12,50000,F,Japan,5.2543,1.7367,0.3799,0.3357,0.1921,0.0923,0.1526,0.8682,0.4585,0.2647,0.1315,0.061,0.0264
2026-06-13T06:44:00,2026-06-12,50000,I,Norway,4.6752,0.8174,0.2541,0.3609,0.2604,0.1246,0.1951,0.8102,0.468,0.2489,0.1191,0.05,0.0221
2026-06-13T06:44:00,2026-06-12,50000,D,United States,6.0228,3.4508,0.5372,0.3047,0.1335,0.0246,0.1285,0.9705,0.6052,0.3038,0.1249,0.0534,0.0218
2026-06-13T06:44:00,2026-06-12,50000,H,Uruguay,5.1977,1.7191,0.2336,0.5218,0.1888,0.0557,0.1398,0.8952,0.3835,0.2015,0.0969,0.0424,0.017
2026-06-13T06:44:00,2026-06-12,50000,C,Morocco,4.9154,1.2307,0.2612,0.407,0.2375,0.0944,0.179,0.8471,0.4047,0.2099,0.0961,0.0432,0.0166
2026-06-13T06:44:00,2026-06-12,50000,D,Turkey,4.7283,0.9128,0.2931,0.3228,0.235,0.1492,0.1746,0.7904,0.46,0.2225,0.0974,0.0439,0.0161
2026-06-13T06:44:00,2026-06-12,50000,L,Croatia,4.9491,1.3699,0.2455,0.4246,0.2526,0.0774,0.1964,0.8665,0.3839,0.1524,0.0646,0.0251,0.0092
2026-06-13T06:44:00,2026-06-12,50000,A,South Korea,6.1345,1.577,0.3099,0.5885,0.0798,0.0218,0.0663,0.9647,0.5361,0.1894,0.0805,0.0262,0.0091
2026-06-13T06:44:00,2026-06-12,50000,G,Iran,4.3788,0.3925,0.2525,0.307,0.2619,0.1785,0.1907,0.7503,0.3652,0.1404,0.0485,0.0168,0.0056
2026-06-13T06:44:00,2026-06-12,50000,B,Canada,4.8743,1.9482,0.3487,0.4487,0.1661,0.0366,0.1232,0.9206,0.4513,0.2005,0.0594,0.0186,0.0054
2026-06-13T06:44:00,2026-06-12,50000,I,Senegal,3.7671,-0.5142,0.1483,0.268,0.3627,0.221,0.2513,0.6676,0.3059,0.1223,0.0446,0.0159,0.0049
2026-06-13T06:44:00,2026-06-12,50000,J,Austria,3.8347,-0.5071,0.1389,0.327,0.3189,0.2152,0.2103,0.6761,0.2438,0.1002,0.039,0.015,0.0046
2026-06-13T06:44:00,2026-06-12,50000,D,Australia,3.5217,-0.8229,0.1391,0.2399,0.3378,0.2831,0.2242,0.6032,0.2847,0.1096,0.0404,0.014,0.0043
2026-06-13T06:44:00,2026-06-12,50000,J,Algeria,3.7999,-0.4855,0.1294,0.3262,0.3294,0.2151,0.2218,0.6774,0.2247,0.0894,0.0314,0.011,0.0032
2026-06-13T06:44:00,2026-06-12,50000,C,Scotland,3.4142,-1.0823,0.1124,0.2365,0.3815,0.2697,0.2493,0.5982,0.2206,0.0865,0.0287,0.0083,0.0023
2026-06-13T06:44:00,2026-06-12,50000,E,Ivory Coast,3.7541,-0.5336,0.1333,0.2516,0.4269,0.1882,0.2842,0.6691,0.2338,0.0745,0.0218,0.0067,0.0019
2026-06-13T06:44:00,2026-06-12,50000,D,Paraguay,2.3421,-3.5408,0.0306,0.1326,0.2937,0.5431,0.1796,0.3428,0.1448,0.0509,0.0185,0.006,0.0019
2026-06-13T06:44:00,2026-06-12,50000,L,Panama,3.5115,-0.9937,0.108,0.2497,0.4073,0.235,0.2643,0.622,0.2205,0.0682,0.0216,0.0065,0.0018
2026-06-13T06:44:00,2026-06-12,50000,G,Egypt,3.5554,-0.7827,0.1514,0.2489,0.3015,0.2983,0.2057,0.6059,0.2311,0.0709,0.0215,0.0061,0.0016
2026-06-13T06:44:00,2026-06-12,50000,K,Uzbekistan,2.8327,-1.8536,0.0759,0.1755,0.3542,0.3944,0.2166,0.4681,0.1627,0.0458,0.0132,0.0037,0.0008
2026-06-13T06:44:00,2026-06-12,50000,F,Sweden,3.2809,-1.2876,0.1195,0.2139,0.3472,0.3194,0.2228,0.5562,0.1725,0.0563,0.0147,0.0035,0.0008
2026-06-13T06:44:00,2026-06-12,50000,A,Czech Republic,2.4059,-1.6701,0.0183,0.0806,0.629,0.2721,0.4006,0.4995,0.1695,0.0488,0.0093,0.0021,0.0005
2026-06-13T06:44:00,2026-06-12,50000,G,New Zealand,2.8034,-1.9512,0.0916,0.1776,0.2851,0.4457,0.1825,0.4517,0.1359,0.032,0.0067,0.0014,0.0003
2026-06-13T06:44:00,2026-06-12,50000,K,DR Congo,2.5143,-2.5053,0.0595,0.1455,0.3229,0.4721,0.1903,0.3954,0.1151,0.0257,0.0066,0.0016,0.0003
2026-06-13T06:44:00,2026-06-12,50000,F,Tunisia,2.4347,-2.5634,0.0612,0.1389,0.2894,0.5105,0.1748,0.3749,0.0871,0.0237,0.0048,0.0011,0.0002
2026-06-13T06:44:00,2026-06-12,50000,B,Bosnia and Herzegovina,3.2061,-0.9749,0.0678,0.1974,0.4763,0.2586,0.3151,0.5803,0.1212,0.0292,0.0049,0.001,0.0002
2026-06-13T06:44:00,2026-06-12,50000,J,Jordan,2.1846,-3.2684,0.0332,0.1418,0.2765,0.5485,0.1522,0.3272,0.0758,0.0207,0.0043,0.0009,0.0002
2026-06-13T06:44:00,2026-06-12,50000,H,Saudi Arabia,2.7281,-2.286,0.0379,0.1708,0.4611,0.3302,0.2549,0.4636,0.0899,0.0213,0.0046,0.0009,0.0001
2026-06-13T06:44:00,2026-06-12,50000,I,Iraq,2.0364,-3.2051,0.0412,0.1069,0.2485,0.6034,0.1404,0.2886,0.0761,0.0185,0.0041,0.0007,0.0001
2026-06-13T06:44:00,2026-06-12,50000,C,Haiti,1.9417,-3.612,0.0295,0.099,0.2681,0.6033,0.1451,0.2737,0.05,0.0112,0.0022,0.0004,0.0001
2026-06-13T06:44:00,2026-06-12,50000,A,South Africa,1.3814,-4.1086,0.003,0.0529,0.2398,0.7042,0.1129,0.1689,0.0413,0.0076,0.0011,0.0001,0.0
2026-06-13T06:44:00,2026-06-12,50000,L,Ghana,1.6565,-4.1933,0.0173,0.0733,0.2439,0.6655,0.122,0.2126,0.0339,0.0053,0.001,0.0001,0.0
2026-06-13T06:44:00,2026-06-12,50000,H,Cape Verde,1.7331,-4.435,0.0137,0.0793,0.3018,0.6052,0.1345,0.2274,0.0307,0.005,0.0006,0.0001,0.0
2026-06-13T06:44:00,2026-06-12,50000,E,Curaçao,1.413,-4.886,0.0115,0.0507,0.2049,0.7329,0.0968,0.159,0.0221,0.0028,0.0004,0.0,0.0
2026-06-13T06:44:00,2026-06-12,50000,B,Qatar,1.7394,-4.077,0.0281,0.0717,0.2341,0.6661,0.1239,0.2237,0.025,0.0034,0.0002,0.0,0.0
2026-06-13T22:49:08,2026-06-13,50000,H,Spain,7.3472,5.6948,0.7533,0.2083,0.0336,0.0048,0.0302,0.9917,0.7243,0.5338,0.384,0.2649,0.17
2026-06-13T22:49:08,2026-06-13,50000,J,Argentina,6.592,3.7242,0.6729,0.2158,0.0832,0.0282,0.0718,0.9605,0.6391,0.4779,0.3325,0.2343,0.1489
2026-06-13T22:49:08,2026-06-13,50000,L,England,6.6007,3.8613,0.6273,0.2585,0.0967,0.0175,0.084,0.9698,0.6688,0.391,0.2401,0.1362,0.0754
2026-06-13T22:49:08,2026-06-13,50000,I,France,6.0476,2.9209,0.5496,0.2685,0.1339,0.048,0.1122,0.9303,0.6423,0.4102,0.2458,0.1286,0.0687
2026-06-13T22:49:08,2026-06-13,50000,C,Brazil,6.2462,3.4101,0.5626,0.2901,0.1172,0.0301,0.1007,0.9534,0.6142,0.377,0.2246,0.1097,0.0596
2026-06-13T22:49:08,2026-06-13,50000,K,Colombia,5.4834,2.0174,0.4146,0.3481,0.1662,0.0711,0.1326,0.8953,0.5971,0.3265,0.1881,0.1066,0.0552
2026-06-13T22:49:08,2026-06-13,50000,K,Portugal,5.6651,2.3264,0.4513,0.3338,0.1543,0.0606,0.1247,0.9097,0.585,0.3137,0.1738,0.0926,0.0457
2026-06-13T22:49:08,2026-06-13,50000,E,Ecuador,5.6727,2.5711,0.4103,0.3618,0.189,0.0389,0.1582,0.9303,0.5621,0.3005,0.163,0.0817,0.0386
2026-06-13T22:49:08,2026-06-13,50000,F,Netherlands,5.6963,2.3707,0.472,0.3131,0.1514,0.0635,0.1235,0.9086,0.51,0.3131,0.1659,0.0784,0.0368
2026-06-13T22:49:08,2026-06-13,50000,A,Mexico,7.2167,4.3016,0.6787,0.2724,0.0465,0.0025,0.0444,0.9954,0.6811,0.3861,0.1853,0.0811,0.0355
2026-06-13T22:49:08,2026-06-13,50000,G,Belgium,5.6567,2.2536,0.5114,0.26,0.1499,0.0787,0.1222,0.8936,0.5826,0.3166,0.1497,0.0736,0.0324
2026-06-13T22:49:08,2026-06-13,50000,E,Germany,5.8934,3.0788,0.4561,0.3468,0.1672,0.0299,0.1459,0.9488,0.5589,0.2897,0.1491,0.0667,0.0312
2026-06-13T22:49:08,2026-06-13,50000,F,Japan,5.2734,1.7261,0.3707,0.3523,0.1902,0.0868,0.1494,0.8723,0.458,0.2658,0.1316,0.0606,0.0262
2026-06-13T22:49:08,2026-06-13,50000,D,United States,6.0434,3.4684,0.5457,0.2937,0.1355,0.025,0.1304,0.9699,0.6148,0.3167,0.1279,0.0572,0.0227
2026-06-13T22:49:08,2026-06-13,50000,I,Norway,4.693,0.7971,0.2561,0.3598,0.2662,0.1179,0.1973,0.8132,0.4631,0.2387,0.1163,0.0502,0.0216
2026-06-13T22:49:08,2026-06-13,50000,C,Morocco,5.1352,1.6076,0.3088,0.3932,0.2177,0.0803,0.1703,0.8723,0.4267,0.2324,0.1092,0.0502,0.0211
2026-06-13T22:49:08,2026-06-13,50000,H,Uruguay,5.3166,1.9299,0.2127,0.584,0.1611,0.0422,0.1206,0.9173,0.3974,0.2033,0.0978,0.046,0.0178
2026-06-13T22:49:08,2026-06-13,50000,D,Turkey,4.5301,0.6259,0.2671,0.3133,0.2518,0.1678,0.1847,0.7651,0.4376,0.21,0.0899,0.0398,0.0146
2026-06-13T22:49:08,2026-06-13,50000,B,Switzerland,4.4721,1.1687,0.3993,0.347,0.1742,0.0796,0.0919,0.8382,0.4842,0.2007,0.0896,0.0358,0.0138
2026-06-13T22:49:08,2026-06-13,50000,L,Croatia,4.9443,1.3608,0.2531,0.4138,0.257,0.0761,0.2012,0.8681,0.402,0.1614,0.071,0.0282,0.0099
2026-06-13T22:49:08,2026-06-13,50000,B,Canada,4.8656,1.7327,0.4612,0.3294,0.1538,0.0555,0.1071,0.8978,0.4845,0.2337,0.0719,0.023,0.0072
2026-06-13T22:49:08,2026-06-13,50000,A,South Korea,6.0046,1.3396,0.2987,0.5813,0.0955,0.0245,0.0788,0.9588,0.5134,0.1823,0.0747,0.0238,0.007
2026-06-13T22:49:08,2026-06-13,50000,J,Austria,3.9094,-0.3845,0.1599,0.3259,0.3004,0.2138,0.2049,0.6907,0.2562,0.1139,0.0479,0.0181,0.0065
2026-06-13T22:49:08,2026-06-13,50000,G,Iran,4.1926,0.1586,0.2297,0.2974,0.2731,0.1998,0.1968,0.7239,0.3597,0.1416,0.0509,0.018,0.0063
2026-06-13T22:49:08,2026-06-13,50000,I,Senegal,3.8757,-0.3207,0.1608,0.2744,0.3618,0.2031,0.2546,0.6897,0.322,0.1345,0.0502,0.0173,0.0059
2026-06-13T22:49:08,2026-06-13,50000,D,Australia,3.7131,-0.5375,0.1591,0.2591,0.3252,0.2566,0.2199,0.6381,0.3128,0.1229,0.045,0.016,0.0053
2026-06-13T22:49:08,2026-06-13,50000,J,Algeria,3.5649,-0.7895,0.1196,0.2929,0.3277,0.2598,0.2167,0.6292,0.2094,0.0876,0.0324,0.0109,0.0032
2026-06-13T22:49:08,2026-06-13,50000,C,Scotland,3.3219,-1.1463,0.1037,0.2246,0.3941,0.2777,0.2555,0.5837,0.2153,0.086,0.0302,0.0087,0.0022
2026-06-13T22:49:08,2026-06-13,50000,D,Paraguay,2.3212,-3.5568,0.0281,0.1338,0.2875,0.5505,0.1795,0.3415,0.1408,0.0503,0.0182,0.0061,0.0019
2026-06-13T22:49:08,2026-06-13,50000,G,Egypt,3.571,-0.744,0.1532,0.2524,0.2967,0.2977,0.2064,0.612,0.2509,0.08,0.0238,0.0066,0.0019
2026-06-13T22:49:08,2026-06-13,50000,L,Panama,3.5562,-0.863,0.1058,0.2594,0.412,0.2228,0.2689,0.634,0.2211,0.0694,0.021,0.0062,0.0016
2026-06-13T22:49:08,2026-06-13,50000,E,Ivory Coast,3.6812,-0.5896,0.1233,0.2451,0.4377,0.1939,0.292,0.6604,0.2353,0.0745,0.0205,0.0059,0.0015
2026-06-13T22:49:08,2026-06-13,50000,F,Sweden,3.1708,-1.44,0.1018,0.2025,0.3711,0.3246,0.2437,0.548,0.1671,0.0527,0.0144,0.0034,0.0009
2026-06-13T22:49:08,2026-06-13,50000,K,Uzbekistan,2.8201,-1.867,0.0786,0.1757,0.3499,0.3958,0.2138,0.468,0.1539,0.0442,0.0125,0.0033,0.0007
2026-06-13T22:49:08,2026-06-13,50000,A,Czech Republic,2.3181,-1.8937,0.0184,0.0786,0.5985,0.3045,0.3833,0.4803,0.1638,0.0481,0.0092,0.0019,0.0004
2026-06-13T22:49:08,2026-06-13,50000,G,New Zealand,2.934,-1.6683,0.1057,0.1902,0.2803,0.4238,0.1856,0.4815,0.1567,0.0383,0.009,0.0019,0.0004
2026-06-13T22:49:08,2026-06-13,50000,J,Jordan,2.4302,-2.5501,0.0476,0.1655,0.2888,0.4982,0.1704,0.3834,0.0876,0.026,0.006,0.0015,0.0003
2026-06-13T22:49:08,2026-06-13,50000,K,DR Congo,2.4921,-2.4768,0.0555,0.1424,0.3295,0.4725,0.1943,0.3923,0.1113,0.0245,0.0065,0.0014,0.0003
2026-06-13T22:49:08,2026-06-13,50000,F,Tunisia,2.3467,-2.6568,0.0556,0.1321,0.2873,0.525,0.1718,0.3595,0.0887,0.025,0.0052,0.0011,0.0002
2026-06-13T22:49:08,2026-06-13,50000,B,Bosnia and Herzegovina,3.1169,-1.0327,0.0924,0.1866,0.3776,0.3434,0.2687,0.5477,0.122,0.0285,0.0047,0.0007,0.0001
2026-06-13T22:49:08,2026-06-13,50000,H,Saudi Arabia,2.4265,-2.772,0.0246,0.1369,0.4657,0.3728,0.2306,0.3921,0.0717,0.0152,0.0026,0.0005,0.0001
2026-06-13T22:49:08,2026-06-13,50000,I,Iraq,1.9118,-3.3972,0.0335,0.0974,0.2381,0.631,0.1346,0.2655,0.0683,0.015,0.0029,0.0005,0.0001
2026-06-13T22:49:08,2026-06-13,50000,C,Haiti,1.8755,-3.8714,0.0249,0.0921,0.2711,0.6119,0.1452,0.2622,0.0485,0.0113,0.0018,0.0004,0.0
2026-06-13T22:49:08,2026-06-13,50000,B,Qatar,2.5501,-1.8688,0.0471,0.137,0.2944,0.5215,0.1998,0.3839,0.0612,0.0089,0.0008,0.0002,0.0
2026-06-13T22:49:08,2026-06-13,50000,A,South Africa,1.5476,-3.7475,0.0042,0.0678,0.2596,0.6684,0.1257,0.1977,0.0507,0.0096,0.0013,0.0002,0.0
2026-06-13T22:49:08,2026-06-13,50000,H,Cape Verde,1.7396,-4.8528,0.0095,0.0708,0.3395,0.5802,0.14,0.2203,0.0272,0.0038,0.0007,0.0001,0.0
2026-06-13T22:49:08,2026-06-13,50000,L,Ghana,1.5762,-4.3591,0.0138,0.0683,0.2343,0.6836,0.1174,0.1995,0.0305,0.0049,0.0006,0.0,0.0
2026-06-13T22:49:08,2026-06-13,50000,E,Curaçao,1.3773,-5.0602,0.0103,0.0463,0.206,0.7373,0.0979,0.1545,0.0199,0.0024,0.0002,0.0,0.0
2026-06-14T02:04:33,2026-06-13,50000,H,Spain,7.181,5.1303,0.7272,0.2185,0.0455,0.0087,0.0399,0.9856,0.7041,0.5116,0.3773,0.2578,0.1673
2026-06-14T02:04:33,2026-06-13,50000,J,Argentina,6.6764,3.9265,0.6848,0.2117,0.0801,0.0234,0.0696,0.9661,0.6599,0.4976,0.3602,0.2489,0.1632
2026-06-14T02:04:33,2026-06-13,50000,L,England,6.639,3.9157,0.6445,0.2438,0.0918,0.0199,0.0792,0.9675,0.6808,0.4198,0.267,0.1539,0.088
2026-06-14T02:04:33,2026-06-13,50000,I,France,6.2413,3.2171,0.578,0.2635,0.1201,0.0385,0.1011,0.9425,0.6741,0.4474,0.2765,0.1461,0.0798
2026-06-14T02:04:33,2026-06-13,50000,K,Colombia,5.7645,2.4493,0.4471,0.3602,0.1415,0.0511,0.1137,0.9211,0.6133,0.3475,0.1973,0.1134,0.0563
2026-06-14T02:04:33,2026-06-13,50000,C,Brazil,5.4914,2.8685,0.5019,0.3044,0.1572,0.0364,0.1382,0.9445,0.6076,0.3787,0.2202,0.1062,0.0541
2026-06-14T02:04:33,2026-06-13,50000,K,Portugal,5.8269,2.6173,0.4543,0.363,0.1356,0.0471,0.1102,0.9276,0.6218,0.3443,0.186,0.0986,0.0478
2026-06-14T02:04:33,2026-06-13,50000,F,Netherlands,5.6588,2.3933,0.4586,0.3204,0.1539,0.0672,0.1242,0.9031,0.4978,0.2961,0.156,0.0748,0.0347
2026-06-14T02:04:33,2026-06-13,50000,G,Belgium,5.6989,2.4125,0.5042,0.2714,0.1489,0.0755,0.1217,0.8972,0.5909,0.3247,0.1456,0.0775,0.0332
2026-06-14T02:04:33,2026-06-13,50000,A,Mexico,7.0462,4.0319,0.6306,0.3073,0.0594,0.0027,0.0559,0.9938,0.6783,0.3681,0.1834,0.0788,0.0329
2026-06-14T02:04:33,2026-06-13,50000,E,Ecuador,5.6965,2.5615,0.402,0.3716,0.1867,0.0397,0.1544,0.928,0.5362,0.2727,0.1437,0.0693,0.0309
2026-06-14T02:04:33,2026-06-13,50000,E,Germany,6.0462,3.4841,0.4765,0.3488,0.1539,0.0208,0.1354,0.9606,0.5463,0.2716,0.1316,0.0548,0.0239
2026-06-14T02:04:33,2026-06-13,50000,F,Japan,5.3375,1.8484,0.3848,0.3437,0.1848,0.0867,0.1464,0.8749,0.4474,0.254,0.1214,0.0548,0.0237
2026-06-14T02:04:33,2026-06-13,50000,C,Morocco,5.0336,1.9888,0.3215,0.3832,0.2324,0.0629,0.1971,0.9018,0.4658,0.2524,0.1171,0.0546,0.0232
2026-06-14T02:04:33,2026-06-13,50000,I,Norway,4.8067,1.0604,0.2611,0.3781,0.2566,0.1042,0.1946,0.8338,0.4927,0.2646,0.1201,0.0509,0.0218
2026-06-14T02:04:33,2026-06-13,50000,D,Turkey,4.7697,0.9672,0.3087,0.3141,0.2275,0.1496,0.1698,0.7927,0.4746,0.2289,0.0976,0.0436,0.0163
2026-06-14T02:04:33,2026-06-13,50000,H,Uruguay,5.3147,1.9318,0.2292,0.5576,0.1678,0.0454,0.1266,0.9134,0.3946,0.1965,0.0948,0.0428,0.016
2026-06-14T02:04:33,2026-06-13,50000,D,United States,5.8741,3.227,0.5065,0.3141,0.1491,0.0303,0.1427,0.9633,0.5978,0.2901,0.1079,0.0424,0.0152
2026-06-14T02:04:33,2026-06-13,50000,B,Switzerland,4.4859,1.2729,0.3829,0.3851,0.1634,0.0686,0.0849,0.8528,0.5038,0.1992,0.0921,0.0371,0.0145
2026-06-14T02:04:33,2026-06-13,50000,L,Croatia,4.8405,1.2026,0.2289,0.4277,0.261,0.0824,0.2023,0.8589,0.3823,0.159,0.0705,0.0289,0.0104
2026-06-14T02:04:33,2026-06-13,50000,B,Canada,5.0374,2.04,0.5034,0.3194,0.1321,0.0452,0.0928,0.9156,0.5118,0.2368,0.071,0.0235,0.0069
2026-06-14T02:04:33,2026-06-13,50000,A,South Korea,6.2052,1.6369,0.3463,0.5562,0.0766,0.0209,0.0651,0.9676,0.4965,0.1697,0.0692,0.0206,0.0059
2026-06-14T02:04:33,2026-06-13,50000,G,Iran,4.4592,0.5212,0.2605,0.3145,0.2552,0.1698,0.1886,0.7636,0.372,0.1432,0.0496,0.0176,0.0058
2026-06-14T02:04:33,2026-06-13,50000,I,Senegal,3.7182,-0.6049,0.1325,0.2683,0.3865,0.2127,0.264,0.6648,0.3132,0.1316,0.0468,0.0151,0.0045
2026-06-14T02:04:33,2026-06-13,50000,J,Austria,4.0017,-0.2054,0.1585,0.3415,0.3039,0.1961,0.2061,0.7061,0.2546,0.1055,0.0402,0.0149,0.0044
2026-06-14T02:04:33,2026-06-13,50000,D,Australia,3.6045,-0.6942,0.1515,0.2427,0.3312,0.2746,0.2236,0.6178,0.2887,0.1106,0.0393,0.0131,0.0041
2026-06-14T02:04:33,2026-06-13,50000,J,Algeria,3.643,-0.7005,0.1219,0.3011,0.337,0.2401,0.2235,0.6464,0.2242,0.0905,0.0328,0.0109,0.003
2026-06-14T02:04:33,2026-06-13,50000,C,Scotland,3.4754,-0.9255,0.1421,0.228,0.3514,0.2784,0.2264,0.5966,0.2339,0.0935,0.0324,0.01,0.003
2026-06-14T02:04:33,2026-06-13,50000,G,Egypt,3.5257,-0.8096,0.1481,0.2435,0.3078,0.3006,0.2117,0.6032,0.244,0.0766,0.0227,0.0065,0.0019
2026-06-14T02:04:33,2026-06-13,50000,D,Paraguay,2.3634,-3.4999,0.0333,0.1291,0.2922,0.5454,0.1852,0.3476,0.1426,0.05,0.0179,0.0058,0.0017
2026-06-14T02:04:33,2026-06-13,50000,L,Panama,3.4929,-0.9373,0.1089,0.2506,0.3924,0.2481,0.2552,0.6147,0.2078,0.0679,0.0212,0.0066,0.0015
2026-06-14T02:04:33,2026-06-13,50000,E,Ivory Coast,3.6229,-0.7741,0.1131,0.238,0.4559,0.193,0.297,0.6481,0.2171,0.0675,0.0196,0.0049,0.0011
2026-06-14T02:04:33,2026-06-13,50000,K,Uzbekistan,2.6088,-2.2598,0.0546,0.1495,0.3836,0.4122,0.2191,0.4232,0.1313,0.0369,0.0105,0.0031,0.0007
2026-06-14T02:04:33,2026-06-13,50000,F,Sweden,2.9577,-1.9457,0.088,0.184,0.3553,0.3727,0.2236,0.4956,0.1475,0.0433,0.0113,0.0026,0.0005
2026-06-14T02:04:33,2026-06-13,50000,A,Czech Republic,2.4361,-1.6845,0.0195,0.0859,0.6252,0.2694,0.4058,0.5112,0.1748,0.0501,0.0096,0.0018,0.0004
2026-06-14T02:04:33,2026-06-13,50000,K,DR Congo,2.3408,-2.8068,0.0439,0.1273,0.3392,0.4896,0.1916,0.3628,0.1004,0.0218,0.005,0.0011,0.0003
2026-06-14T02:04:33,2026-06-13,50000,G,New Zealand,2.7456,-2.1241,0.0873,0.1707,0.288,0.4541,0.1834,0.4413,0.1295,0.0316,0.0067,0.0014,0.0002
2026-06-14T02:04:33,2026-06-13,50000,F,Tunisia,2.5791,-2.2959,0.0686,0.1519,0.3061,0.4734,0.1869,0.4074,0.0994,0.0295,0.0072,0.0012,0.0002
2026-06-14T02:04:33,2026-06-13,50000,I,Iraq,1.8211,-3.6727,0.0284,0.0901,0.2368,0.6447,0.1287,0.2472,0.0633,0.016,0.0032,0.0007,0.0001
2026-06-14T02:04:33,2026-06-13,50000,B,Bosnia and Herzegovina,3.0627,-1.2384,0.0726,0.1744,0.4054,0.3476,0.2912,0.5382,0.1072,0.0262,0.0041,0.0006,0.0001
2026-06-14T02:04:33,2026-06-13,50000,J,Jordan,2.2246,-3.0206,0.0348,0.1458,0.279,0.5405,0.1583,0.3388,0.0782,0.0215,0.0045,0.0011,0.0001
2026-06-14T02:04:33,2026-06-13,50000,H,Saudi Arabia,2.5691,-2.5951,0.0308,0.1481,0.4699,0.3512,0.2466,0.4255,0.0764,0.0174,0.0035,0.0005,0.0001
2026-06-14T02:04:33,2026-06-13,50000,C,Haiti,1.8853,-3.9317,0.0345,0.0843,0.2589,0.6223,0.1398,0.2587,0.0462,0.0108,0.0019,0.0004,0.0
2026-06-14T02:04:33,2026-06-13,50000,L,Ghana,1.7159,-4.181,0.0176,0.078,0.2548,0.6496,0.1329,0.2284,0.0316,0.0049,0.0007,0.0001,0.0
2026-06-14T02:04:33,2026-06-13,50000,A,South Africa,1.4058,-3.9843,0.0036,0.0506,0.2387,0.7071,0.1143,0.1685,0.0406,0.0074,0.0011,0.0002,0.0
2026-06-14T02:04:33,2026-06-13,50000,B,Qatar,2.4714,-2.0745,0.0411,0.1212,0.2991,0.5386,0.2001,0.3624,0.0516,0.008,0.001,0.0001,0.0
2026-06-14T02:04:33,2026-06-13,50000,H,Cape Verde,1.7352,-4.467,0.0128,0.0757,0.3168,0.5946,0.1385,0.227,0.0278,0.0041,0.0005,0.0,0.0
2026-06-14T02:04:33,2026-06-13,50000,E,Curaçao,1.319,-5.2714,0.0084,0.0416,0.2035,0.7465,0.0921,0.1421,0.0177,0.002,0.0002,0.0,0.0
2026-06-14T07:11:38,2026-06-13,50000,H,Spain,7.2072,5.1285,0.7308,0.2201,0.0412,0.0078,0.0365,0.9875,0.7316,0.5523,0.4166,0.2947,0.1967
2026-06-14T07:11:38,2026-06-13,50000,J,Argentina,6.7818,4.0972,0.7101,0.1973,0.0701,0.0224,0.0608,0.9683,0.6689,0.5122,0.3803,0.2665,0.1702
2026-06-14T07:11:38,2026-06-13,50000,L,England,6.5992,3.8295,0.6324,0.251,0.0959,0.0207,0.082,0.9654,0.7007,0.3978,0.2529,0.1486,0.083
2026-06-14T07:11:38,2026-06-13,50000,I,France,6.3211,3.3431,0.6037,0.2471,0.1103,0.0389,0.0931,0.9438,0.6713,0.4566,0.2796,0.1455,0.0811
2026-06-14T07:11:38,2026-06-13,50000,C,Brazil,5.5284,2.9104,0.4784,0.3223,0.1707,0.0287,0.1495,0.9501,0.6305,0.3955,0.2339,0.1139,0.0595
2026-06-14T07:11:38,2026-06-13,50000,K,Portugal,5.8815,2.6486,0.4937,0.3207,0.1346,0.051,0.1096,0.9239,0.6026,0.3292,0.1701,0.0896,0.043
2026-06-14T07:11:38,2026-06-13,50000,A,Mexico,7.2714,4.4788,0.6796,0.2791,0.0388,0.0025,0.0365,0.9953,0.7073,0.4233,0.2071,0.0906,0.0379
2026-06-14T07:11:38,2026-06-13,50000,K,Colombia,5.3653,1.8446,0.3813,0.3654,0.179,0.0742,0.1376,0.8843,0.5385,0.2726,0.1438,0.0776,0.0361
2026-06-14T07:11:38,2026-06-13,50000,E,Ecuador,5.5718,2.3781,0.3855,0.3739,0.1979,0.0428,0.1618,0.9212,0.5382,0.2774,0.145,0.069,0.0299
2026-06-14T07:11:38,2026-06-13,50000,F,Netherlands,5.4598,2.0522,0.4293,0.3193,0.1704,0.081,0.1353,0.8838,0.4611,0.2736,0.1406,0.063,0.0277
2026-06-14T07:11:38,2026-06-13,50000,E,Germany,6.009,3.2082,0.4826,0.333,0.157,0.0273,0.1363,0.952,0.5464,0.2706,0.1353,0.0583,0.0267
2026-06-14T07:11:38,2026-06-13,50000,G,Belgium,5.7887,2.4981,0.5221,0.266,0.1434,0.0685,0.1173,0.9055,0.586,0.3118,0.1402,0.0685,0.0264
2026-06-14T07:11:38,2026-06-13,50000,F,Japan,5.3121,1.7987,0.3952,0.3279,0.1851,0.0918,0.146,0.869,0.4361,0.2497,0.1213,0.0546,0.0235
2026-06-14T07:11:38,2026-06-13,50000,C,Morocco,5.0442,2.0032,0.3048,0.3799,0.2586,0.0566,0.2179,0.9026,0.465,0.2484,0.1179,0.0501,0.02
2026-06-14T07:11:38,2026-06-13,50000,D,Australia,5.9594,2.3498,0.4339,0.4007,0.1347,0.0307,0.1234,0.958,0.5937,0.2892,0.1229,0.0516,0.0195
2026-06-14T07:11:38,2026-06-13,50000,H,Uruguay,5.2054,1.7288,0.2286,0.5382,0.1785,0.0547,0.1307,0.8975,0.3864,0.2055,0.1056,0.0506,0.0181
2026-06-14T07:11:38,2026-06-13,50000,I,Norway,4.487,0.4884,0.2136,0.3691,0.2821,0.1353,0.2032,0.7859,0.4394,0.2264,0.1006,0.0408,0.0173
2026-06-14T07:11:38,2026-06-13,50000,D,United States,5.8369,3.1695,0.4804,0.3555,0.1304,0.0337,0.1244,0.9603,0.583,0.2714,0.1034,0.0426,0.0148
2026-06-14T07:11:38,2026-06-13,50000,B,Switzerland,4.4773,1.2071,0.3846,0.3757,0.169,0.0708,0.0831,0.8434,0.4856,0.1995,0.0859,0.0342,0.0129
2026-06-14T07:11:38,2026-06-13,50000,A,South Korea,6.019,1.3629,0.3019,0.5797,0.0948,0.0235,0.0767,0.9583,0.5235,0.1902,0.0821,0.0259,0.0085
2026-06-14T07:11:38,2026-06-13,50000,L,Croatia,4.8991,1.292,0.2421,0.4166,0.2631,0.0782,0.2028,0.8615,0.4019,0.1549,0.0647,0.0242,0.0078
2026-06-14T07:11:38,2026-06-13,50000,I,Senegal,3.8401,-0.4031,0.1494,0.2827,0.3659,0.2021,0.2509,0.6829,0.3142,0.1308,0.0489,0.0172,0.0056
2026-06-14T07:11:38,2026-06-13,50000,B,Canada,4.9919,2.0064,0.4905,0.3238,0.1385,0.0472,0.0992,0.9135,0.4828,0.2279,0.0618,0.0196,0.0051
2026-06-14T07:11:38,2026-06-13,50000,G,Iran,4.4499,0.5121,0.2529,0.3257,0.2566,0.1648,0.1857,0.7642,0.3698,0.1348,0.0448,0.0158,0.0049
2026-06-14T07:11:38,2026-06-13,50000,C,Scotland,4.7828,-0.4405,0.2122,0.2772,0.5015,0.009,0.3747,0.8641,0.3519,0.143,0.051,0.0148,0.0044
2026-06-14T07:11:38,2026-06-13,50000,J,Austria,3.7404,-0.6502,0.1273,0.3239,0.3218,0.227,0.2117,0.663,0.2247,0.0968,0.0352,0.0136,0.0042
2026-06-14T07:11:38,2026-06-13,50000,D,Turkey,2.6112,-2.1777,0.0459,0.1342,0.3897,0.4302,0.2455,0.4256,0.1901,0.0737,0.0279,0.0097,0.0031
2026-06-14T07:11:38,2026-06-13,50000,J,Algeria,3.6739,-0.6258,0.1183,0.3173,0.3247,0.2396,0.2141,0.6498,0.2135,0.084,0.0299,0.0106,0.0028
2026-06-14T07:11:38,2026-06-13,50000,D,Paraguay,2.4757,-3.3416,0.0398,0.1097,0.3452,0.5053,0.2245,0.374,0.1562,0.057,0.0203,0.0071,0.0021
2026-06-14T07:11:38,2026-06-13,50000,L,Panama,3.5905,-0.8684,0.1088,0.2622,0.412,0.2171,0.2651,0.6361,0.2337,0.0745,0.0234,0.0071,0.0016
2026-06-14T07:11:38,2026-06-13,50000,E,Ivory Coast,3.6987,-0.5654,0.122,0.247,0.4463,0.1847,0.2948,0.6638,0.2269,0.072,0.0201,0.0056,0.0013
2026-06-14T07:11:38,2026-06-13,50000,G,Egypt,3.4457,-0.8769,0.1395,0.2362,0.3143,0.3101,0.2129,0.5885,0.2227,0.0671,0.0187,0.0047,0.0011
2026-06-14T07:11:38,2026-06-13,50000,K,Uzbekistan,2.8584,-1.8131,0.0761,0.1803,0.3633,0.3803,0.2168,0.4732,0.1498,0.0423,0.0124,0.003,0.0008
2026-06-14T07:11:38,2026-06-13,50000,F,Sweden,3.0755,-1.699,0.1007,0.1962,0.3456,0.3575,0.2187,0.5156,0.1463,0.0441,0.0103,0.0026,0.0005
2026-06-14T07:11:38,2026-06-13,50000,A,Czech Republic,2.224,-2.1615,0.0145,0.0698,0.5919,0.3239,0.3573,0.4416,0.149,0.0409,0.0071,0.0015,0.0004
2026-06-14T07:11:38,2026-06-13,50000,J,Jordan,2.3596,-2.8212,0.0442,0.1614,0.2834,0.511,0.1602,0.3659,0.0832,0.024,0.0058,0.0012,0.0003
2026-06-14T07:11:38,2026-06-13,50000,K,DR Congo,2.3819,-2.6802,0.0489,0.1336,0.323,0.4945,0.1844,0.3669,0.1001,0.0217,0.0049,0.0011,0.0002
2026-06-14T07:11:38,2026-06-13,50000,F,Tunisia,2.6366,-2.1519,0.0748,0.1566,0.2988,0.4697,0.1831,0.4146,0.1012,0.0294,0.0065,0.001,0.0002
2026-06-14T07:11:38,2026-06-13,50000,G,New Zealand,2.7291,-2.1333,0.0855,0.1721,0.2857,0.4567,0.177,0.4347,0.1311,0.0305,0.0063,0.0012,0.0002
2026-06-14T07:11:38,2026-06-13,50000,I,Iraq,1.9295,-3.4284,0.0333,0.1012,0.2418,0.6237,0.1328,0.2673,0.0679,0.0165,0.0033,0.0007,0.0002
2026-06-14T07:11:38,2026-06-13,50000,B,Bosnia and Herzegovina,3.1562,-1.0318,0.0861,0.1831,0.4046,0.3262,0.2908,0.56,0.1226,0.0313,0.0046,0.0008,0.0001
2026-06-14T07:11:38,2026-06-13,50000,H,Saudi Arabia,2.539,-2.646,0.027,0.1539,0.4539,0.3652,0.2305,0.4114,0.0693,0.0151,0.003,0.0004,0.0001
2026-06-14T07:11:38,2026-06-13,50000,A,South Africa,1.5895,-3.6801,0.004,0.0714,0.2745,0.6501,0.128,0.2035,0.0498,0.0106,0.0013,0.0001,0.0
2026-06-14T07:11:38,2026-06-13,50000,H,Cape Verde,1.8239,-4.2114,0.0135,0.0878,0.3263,0.5723,0.1424,0.2438,0.0335,0.006,0.0009,0.0001,0.0
2026-06-14T07:11:38,2026-06-13,50000,E,Curaçao,1.3432,-5.0209,0.0099,0.0461,0.1988,0.7452,0.0894,0.1454,0.0181,0.002,0.0002,0.0,0.0
2026-06-14T07:11:38,2026-06-13,50000,B,Qatar,2.425,-2.1816,0.0388,0.1174,0.2879,0.5559,0.1924,0.3487,0.0511,0.0083,0.0005,0.0001,0.0
2026-06-14T07:11:38,2026-06-13,50000,L,Ghana,1.5897,-4.2531,0.0167,0.0702,0.229,0.684,0.1101,0.197,0.0315,0.0046,0.0006,0.0,0.0
2026-06-14T07:11:38,2026-06-13,50000,C,Haiti,0.811,-4.4731,0.0046,0.0206,0.0692,0.9057,0.0426,0.0677,0.0111,0.0027,0.0006,0.0,0.0
