date,home,away,odds_home,odds_draw,odds_away,source
2026-06-12,Canada,Bosnia and Herzegovina,1.80,3.50,4.50,skybet
2026-06-12,United States,Paraguay,2.05,3.20,3.80,skybet
2026-06-13,Qatar,Switzerland,12.0,7.00,1.20,skybet
2026-06-13,Brazil,Morocco,1.615,3.75,5.50,skybet
2026-06-13,Haiti,Scotland,5.50,4.00,1.55,skybet
2026-06-13,Australia,Turkey,5.00,3.60,1.667,skybet
2026-06-14,Netherlands,Japan,1.95,3.40,3.60,skybet
2026-06-14,Germany,Curaçao,1.0303,19.0,23.0,skybet
2026-06-14,Ivory Coast,Ecuador,3.50,2.70,2.40,skybet
